week,production_line_id,machine_hours,daily_capacity_machine_hours,daily_capacity_labor_hours,weekly_capacity_machine_hours,weekly_capacity_labor_hours,utilization_machine,scenario
2024-12-30/2025-01-05,F1-L1,17.47,13.6,20.0,81.6,120.0,0.21409313725490195,after
2024-12-30/2025-01-05,F1-L1,66.47,13.6,20.0,81.6,120.0,0.8145833333333333,before
2024-12-30/2025-01-05,F1-L2,79.27,20.4,30.0,122.39999999999999,180.0,0.6476307189542484,after
2024-12-30/2025-01-05,F1-L2,48.53,20.4,30.0,122.39999999999999,180.0,0.3964869281045752,before
2024-12-30/2025-01-05,F1-L3,44.75,8.5,12.5,51.0,75.0,0.8774509803921569,after
2024-12-30/2025-01-05,F1-L3,81.17,8.5,12.5,51.0,75.0,1.5915686274509804,before
2024-12-30/2025-01-05,F2-L1,6.57,20.4,30.0,122.39999999999999,180.0,0.0536764705882353,after
2024-12-30/2025-01-05,F2-L1,3.03,20.4,30.0,122.39999999999999,180.0,0.024754901960784313,before
2024-12-30/2025-01-05,F2-L2,34.65,13.6,20.0,81.6,120.0,0.42463235294117646,after
2024-12-30/2025-01-05,F2-L2,5.36,13.6,20.0,81.6,120.0,0.06568627450980392,before
2024-12-30/2025-01-05,F2-L3,35.74,8.5,12.5,51.0,75.0,0.7007843137254902,after
2024-12-30/2025-01-05,F2-L3,180.02,8.5,12.5,51.0,75.0,3.5298039215686274,before
2025-01-06/2025-01-12,F1-L1,181.44,13.6,20.0,81.6,120.0,2.223529411764706,after
2025-01-06/2025-01-12,F1-L1,202.64999999999998,13.6,20.0,81.6,120.0,2.483455882352941,before
2025-01-06/2025-01-12,F1-L2,232.44,20.4,30.0,122.39999999999999,180.0,1.8990196078431374,after
2025-01-06/2025-01-12,F1-L2,117.47,20.4,30.0,122.39999999999999,180.0,0.9597222222222223,before
2025-01-06/2025-01-12,F1-L3,109.44,8.5,12.5,51.0,75.0,2.1458823529411766,after
2025-01-06/2025-01-12,F1-L3,162.69,8.5,12.5,51.0,75.0,3.19,before
2025-01-06/2025-01-12,F2-L1,73.54,20.4,30.0,122.39999999999999,180.0,0.6008169934640524,after
2025-01-06/2025-01-12,F2-L1,88.04,20.4,30.0,122.39999999999999,180.0,0.7192810457516341,before
2025-01-06/2025-01-12,F2-L2,70.59,13.6,20.0,81.6,120.0,0.8650735294117649,after
2025-01-06/2025-01-12,F2-L2,151.7,13.6,20.0,81.6,120.0,1.8590686274509804,before
2025-01-06/2025-01-12,F2-L3,175.24,8.5,12.5,51.0,75.0,3.436078431372549,after
2025-01-06/2025-01-12,F2-L3,371.27,8.5,12.5,51.0,75.0,7.279803921568627,before
2025-01-13/2025-01-19,F1-L1,123.39,13.6,20.0,81.6,120.0,1.5121323529411765,after
2025-01-13/2025-01-19,F1-L1,134.55,13.6,20.0,81.6,120.0,1.6488970588235297,before
2025-01-13/2025-01-19,F1-L2,416.49,20.4,30.0,122.39999999999999,180.0,3.4026960784313727,after
2025-01-13/2025-01-19,F1-L2,368.52,20.4,30.0,122.39999999999999,180.0,3.01078431372549,before
2025-01-13/2025-01-19,F1-L3,172.14,8.5,12.5,51.0,75.0,3.3752941176470586,after
2025-01-13/2025-01-19,F1-L3,348.06,8.5,12.5,51.0,75.0,6.824705882352942,before
2025-01-13/2025-01-19,F2-L1,66.86,20.4,30.0,122.39999999999999,180.0,0.5462418300653595,after
2025-01-13/2025-01-19,F2-L1,205.03,20.4,30.0,122.39999999999999,180.0,1.6750816993464053,before
2025-01-13/2025-01-19,F2-L2,132.05,13.6,20.0,81.6,120.0,1.618259803921569,after
2025-01-13/2025-01-19,F2-L2,177.61,13.6,20.0,81.6,120.0,2.176593137254902,before
2025-01-13/2025-01-19,F2-L3,207.97,8.5,12.5,51.0,75.0,4.077843137254902,after
2025-01-13/2025-01-19,F2-L3,206.96,8.5,12.5,51.0,75.0,4.058039215686275,before
2025-01-20/2025-01-26,F1-L1,152.82999999999998,13.6,20.0,81.6,120.0,1.8729166666666666,after
2025-01-20/2025-01-26,F1-L1,252.75,13.6,20.0,81.6,120.0,3.0974264705882355,before
2025-01-20/2025-01-26,F1-L2,162.06,20.4,30.0,122.39999999999999,180.0,1.3240196078431374,after
2025-01-20/2025-01-26,F1-L2,245.02,20.4,30.0,122.39999999999999,180.0,2.0017973856209155,before
2025-01-20/2025-01-26,F1-L3,85.17,8.5,12.5,51.0,75.0,1.67,after
2025-01-20/2025-01-26,F1-L3,107.62,8.5,12.5,51.0,75.0,2.1101960784313727,before
2025-01-20/2025-01-26,F2-L1,153.48,20.4,30.0,122.39999999999999,180.0,1.253921568627451,after
2025-01-20/2025-01-26,F2-L1,120.27,20.4,30.0,122.39999999999999,180.0,0.9825980392156863,before
2025-01-20/2025-01-26,F2-L2,106.97999999999999,13.6,20.0,81.6,120.0,1.3110294117647059,after
2025-01-20/2025-01-26,F2-L2,40.28,13.6,20.0,81.6,120.0,0.4936274509803922,before
2025-01-20/2025-01-26,F2-L3,180.86,8.5,12.5,51.0,75.0,3.5462745098039217,after
2025-01-20/2025-01-26,F2-L3,169.26999999999998,8.5,12.5,51.0,75.0,3.319019607843137,before
2025-01-27/2025-02-02,F1-L1,110.67999999999999,13.6,20.0,81.6,120.0,1.356372549019608,after
2025-01-27/2025-02-02,F1-L1,220.25,13.6,20.0,81.6,120.0,2.699142156862745,before
2025-01-27/2025-02-02,F1-L2,536.52,20.4,30.0,122.39999999999999,180.0,4.383333333333334,after
2025-01-27/2025-02-02,F1-L2,157.01,20.4,30.0,122.39999999999999,180.0,1.2827614379084968,before
2025-01-27/2025-02-02,F1-L3,167.54,8.5,12.5,51.0,75.0,3.2850980392156863,after
2025-01-27/2025-02-02,F1-L3,249.32999999999998,8.5,12.5,51.0,75.0,4.888823529411765,before
2025-01-27/2025-02-02,F2-L1,178.39,20.4,30.0,122.39999999999999,180.0,1.4574346405228757,after
2025-01-27/2025-02-02,F2-L1,187.19,20.4,30.0,122.39999999999999,180.0,1.5293300653594772,before
2025-01-27/2025-02-02,F2-L2,57.83,13.6,20.0,81.6,120.0,0.7087009803921569,after
2025-01-27/2025-02-02,F2-L2,271.36,13.6,20.0,81.6,120.0,3.325490196078432,before
2025-01-27/2025-02-02,F2-L3,159.04,8.5,12.5,51.0,75.0,3.1184313725490194,after
2025-01-27/2025-02-02,F2-L3,295.35,8.5,12.5,51.0,75.0,5.791176470588236,before
2025-02-03/2025-02-09,F1-L1,384.15999999999997,13.6,20.0,81.6,120.0,4.707843137254902,after
2025-02-03/2025-02-09,F1-L1,440.03,13.6,20.0,81.6,120.0,5.392524509803922,before
2025-02-03/2025-02-09,F1-L2,272.1,20.4,30.0,122.39999999999999,180.0,2.223039215686275,after
2025-02-03/2025-02-09,F1-L2,630.39,20.4,30.0,122.39999999999999,180.0,5.150245098039216,before
2025-02-03/2025-02-09,F1-L3,218.61,8.5,12.5,51.0,75.0,4.286470588235295,after
2025-02-03/2025-02-09,F1-L3,198.34,8.5,12.5,51.0,75.0,3.8890196078431374,before
2025-02-03/2025-02-09,F2-L1,83.89,20.4,30.0,122.39999999999999,180.0,0.6853758169934641,after
2025-02-03/2025-02-09,F2-L1,93.32000000000001,20.4,30.0,122.39999999999999,180.0,0.7624183006535948,before
2025-02-03/2025-02-09,F2-L2,140.29000000000002,13.6,20.0,81.6,120.0,1.7192401960784318,after
2025-02-03/2025-02-09,F2-L2,236.1,13.6,20.0,81.6,120.0,2.8933823529411766,before
2025-02-03/2025-02-09,F2-L3,326.53,8.5,12.5,51.0,75.0,6.402549019607843,after
2025-02-03/2025-02-09,F2-L3,243.38,8.5,12.5,51.0,75.0,4.772156862745098,before
2025-02-10/2025-02-16,F1-L1,190.44,13.6,20.0,81.6,120.0,2.333823529411765,after
2025-02-10/2025-02-16,F1-L1,406.09000000000003,13.6,20.0,81.6,120.0,4.976593137254903,before
2025-02-10/2025-02-16,F1-L2,414.55,20.4,30.0,122.39999999999999,180.0,3.3868464052287583,after
2025-02-10/2025-02-16,F1-L2,280.17,20.4,30.0,122.39999999999999,180.0,2.288970588235294,before
2025-02-10/2025-02-16,F1-L3,293.01,8.5,12.5,51.0,75.0,5.745294117647059,after
2025-02-10/2025-02-16,F1-L3,74.36,8.5,12.5,51.0,75.0,1.4580392156862745,before
2025-02-10/2025-02-16,F2-L1,158.74999999999997,20.4,30.0,122.39999999999999,180.0,1.2969771241830064,after
2025-02-10/2025-02-16,F2-L1,189.93,20.4,30.0,122.39999999999999,180.0,1.55171568627451,before
2025-02-10/2025-02-16,F2-L2,284.04,13.6,20.0,81.6,120.0,3.480882352941177,after
2025-02-10/2025-02-16,F2-L2,122.94,13.6,20.0,81.6,120.0,1.5066176470588235,before
2025-02-10/2025-02-16,F2-L3,118.75,8.5,12.5,51.0,75.0,2.3284313725490198,after
2025-02-10/2025-02-16,F2-L3,309.03000000000003,8.5,12.5,51.0,75.0,6.0594117647058825,before
2025-02-17/2025-02-23,F1-L1,325.57,13.6,20.0,81.6,120.0,3.9898284313725494,after
2025-02-17/2025-02-23,F1-L1,330.07,13.6,20.0,81.6,120.0,4.044975490196078,before
2025-02-17/2025-02-23,F1-L2,291.94,20.4,30.0,122.39999999999999,180.0,2.3851307189542483,after
2025-02-17/2025-02-23,F1-L2,250.99,20.4,30.0,122.39999999999999,180.0,2.0505718954248366,before
2025-02-17/2025-02-23,F1-L3,248.33,8.5,12.5,51.0,75.0,4.86921568627451,after
2025-02-17/2025-02-23,F1-L3,132.73,8.5,12.5,51.0,75.0,2.602549019607843,before
2025-02-17/2025-02-23,F2-L1,186.45,20.4,30.0,122.39999999999999,180.0,1.5232843137254901,after
2025-02-17/2025-02-23,F2-L1,204.41,20.4,30.0,122.39999999999999,180.0,1.670016339869281,before
2025-02-17/2025-02-23,F2-L2,99.0,13.6,20.0,81.6,120.0,1.2132352941176472,after
2025-02-17/2025-02-23,F2-L2,136.05,13.6,20.0,81.6,120.0,1.667279411764706,before
2025-02-17/2025-02-23,F2-L3,208.75,8.5,12.5,51.0,75.0,4.0931372549019605,after
2025-02-17/2025-02-23,F2-L3,240.72,8.5,12.5,51.0,75.0,4.72,before
2025-02-24/2025-03-02,F1-L1,231.15,13.6,20.0,81.6,120.0,2.8327205882352944,after
2025-02-24/2025-03-02,F1-L1,150.25,13.6,20.0,81.6,120.0,1.8412990196078434,before
2025-02-24/2025-03-02,F1-L2,444.62,20.4,30.0,122.39999999999999,180.0,3.6325163398692815,after
2025-02-24/2025-03-02,F1-L2,277.28,20.4,30.0,122.39999999999999,180.0,2.265359477124183,before
2025-02-24/2025-03-02,F1-L3,280.15999999999997,8.5,12.5,51.0,75.0,5.493333333333332,after
2025-02-24/2025-03-02,F1-L3,46.13,8.5,12.5,51.0,75.0,0.9045098039215687,before
2025-02-24/2025-03-02,F2-L1,86.64,20.4,30.0,122.39999999999999,180.0,0.707843137254902,after
2025-02-24/2025-03-02,F2-L1,150.96,20.4,30.0,122.39999999999999,180.0,1.2333333333333334,before
2025-02-24/2025-03-02,F2-L2,133.98999999999998,13.6,20.0,81.6,120.0,1.64203431372549,after
2025-02-24/2025-03-02,F2-L2,187.98,13.6,20.0,81.6,120.0,2.3036764705882353,before
2025-02-24/2025-03-02,F2-L3,108.58999999999999,8.5,12.5,51.0,75.0,2.1292156862745095,after
2025-02-24/2025-03-02,F2-L3,218.31,8.5,12.5,51.0,75.0,4.280588235294117,before
2025-03-03/2025-03-09,F1-L1,167.01,13.6,20.0,81.6,120.0,2.0466911764705884,after
2025-03-03/2025-03-09,F1-L1,193.81,13.6,20.0,81.6,120.0,2.375122549019608,before
2025-03-03/2025-03-09,F1-L2,246.86,20.4,30.0,122.39999999999999,180.0,2.0168300653594775,after
2025-03-03/2025-03-09,F1-L2,411.49,20.4,30.0,122.39999999999999,180.0,3.3618464052287584,before
2025-03-03/2025-03-09,F1-L3,334.89,8.5,12.5,51.0,75.0,6.566470588235294,after
2025-03-03/2025-03-09,F1-L3,428.12,8.5,12.5,51.0,75.0,8.394509803921569,before
2025-03-03/2025-03-09,F2-L1,88.55,20.4,30.0,122.39999999999999,180.0,0.7234477124183006,after
2025-03-03/2025-03-09,F2-L1,180.09,20.4,30.0,122.39999999999999,180.0,1.4713235294117648,before
2025-03-03/2025-03-09,F2-L2,213.62,13.6,20.0,81.6,120.0,2.6178921568627453,after
2025-03-03/2025-03-09,F2-L2,117.6,13.6,20.0,81.6,120.0,1.4411764705882353,before
2025-03-03/2025-03-09,F2-L3,130.95,8.5,12.5,51.0,75.0,2.567647058823529,after
2025-03-03/2025-03-09,F2-L3,257.77,8.5,12.5,51.0,75.0,5.0543137254901955,before
2025-03-10/2025-03-16,F1-L1,269.91999999999996,13.6,20.0,81.6,120.0,3.3078431372549018,after
2025-03-10/2025-03-16,F1-L1,288.0,13.6,20.0,81.6,120.0,3.5294117647058827,before
2025-03-10/2025-03-16,F1-L2,221.86,20.4,30.0,122.39999999999999,180.0,1.8125816993464055,after
2025-03-10/2025-03-16,F1-L2,440.76,20.4,30.0,122.39999999999999,180.0,3.600980392156863,before
2025-03-10/2025-03-16,F1-L3,95.36,8.5,12.5,51.0,75.0,1.8698039215686275,after
2025-03-10/2025-03-16,F1-L3,309.72,8.5,12.5,51.0,75.0,6.0729411764705885,before
2025-03-10/2025-03-16,F2-L1,265.0,20.4,30.0,122.39999999999999,180.0,2.1650326797385624,after
2025-03-10/2025-03-16,F2-L1,149.75,20.4,30.0,122.39999999999999,180.0,1.2234477124183007,before
2025-03-10/2025-03-16,F2-L2,292.33,13.6,20.0,81.6,120.0,3.5824754901960785,after
2025-03-10/2025-03-16,F2-L2,22.779999999999998,13.6,20.0,81.6,120.0,0.2791666666666667,before
2025-03-10/2025-03-16,F2-L3,372.88,8.5,12.5,51.0,75.0,7.311372549019608,after
2025-03-10/2025-03-16,F2-L3,119.11000000000001,8.5,12.5,51.0,75.0,2.335490196078432,before
2025-03-17/2025-03-23,F1-L1,388.57,13.6,20.0,81.6,120.0,4.761887254901961,after
2025-03-17/2025-03-23,F1-L1,168.68,13.6,20.0,81.6,120.0,2.0671568627450982,before
2025-03-17/2025-03-23,F1-L2,418.62,20.4,30.0,122.39999999999999,180.0,3.4200980392156866,after
2025-03-17/2025-03-23,F1-L2,467.73,20.4,30.0,122.39999999999999,180.0,3.821323529411765,before
2025-03-17/2025-03-23,F1-L3,188.87,8.5,12.5,51.0,75.0,3.7033333333333336,after
2025-03-17/2025-03-23,F1-L3,506.66999999999996,8.5,12.5,51.0,75.0,9.93470588235294,before
2025-03-17/2025-03-23,F2-L1,210.34,20.4,30.0,122.39999999999999,180.0,1.7184640522875818,after
2025-03-17/2025-03-23,F2-L1,375.33,20.4,30.0,122.39999999999999,180.0,3.066421568627451,before
2025-03-17/2025-03-23,F2-L2,291.21,13.6,20.0,81.6,120.0,3.56875,after
2025-03-17/2025-03-23,F2-L2,135.56,13.6,20.0,81.6,120.0,1.6612745098039217,before
2025-03-17/2025-03-23,F2-L3,94.81,8.5,12.5,51.0,75.0,1.8590196078431374,after
2025-03-17/2025-03-23,F2-L3,515.39,8.5,12.5,51.0,75.0,10.105686274509804,before
2025-03-24/2025-03-30,F1-L1,291.83,13.6,20.0,81.6,120.0,3.576348039215686,after
2025-03-24/2025-03-30,F1-L1,358.81,13.6,20.0,81.6,120.0,4.39718137254902,before
2025-03-24/2025-03-30,F1-L2,278.19,20.4,30.0,122.39999999999999,180.0,2.272794117647059,after
2025-03-24/2025-03-30,F1-L2,339.56,20.4,30.0,122.39999999999999,180.0,2.774183006535948,before
2025-03-24/2025-03-30,F1-L3,140.89,8.5,12.5,51.0,75.0,2.762549019607843,after
2025-03-24/2025-03-30,F1-L3,161.94,8.5,12.5,51.0,75.0,3.175294117647059,before
2025-03-24/2025-03-30,F2-L1,41.63,20.4,30.0,122.39999999999999,180.0,0.3401143790849674,after
2025-03-24/2025-03-30,F2-L1,131.42,20.4,30.0,122.39999999999999,180.0,1.0736928104575163,before
2025-03-24/2025-03-30,F2-L2,114.99000000000001,13.6,20.0,81.6,120.0,1.4091911764705884,after
2025-03-24/2025-03-30,F2-L2,47.31,13.6,20.0,81.6,120.0,0.5797794117647059,before
2025-03-24/2025-03-30,F2-L3,68.83,8.5,12.5,51.0,75.0,1.349607843137255,after
2025-03-24/2025-03-30,F2-L3,77.56,8.5,12.5,51.0,75.0,1.5207843137254902,before
2025-03-31/2025-04-06,F1-L1,214.13,13.6,20.0,81.6,120.0,2.6241421568627454,after
2025-03-31/2025-04-06,F1-L1,566.29,13.6,20.0,81.6,120.0,6.939828431372549,before
2025-03-31/2025-04-06,F1-L2,448.19,20.4,30.0,122.39999999999999,180.0,3.661683006535948,after
2025-03-31/2025-04-06,F1-L2,332.51,20.4,30.0,122.39999999999999,180.0,2.7165849673202613,before
2025-03-31/2025-04-06,F1-L3,176.26000000000002,8.5,12.5,51.0,75.0,3.4560784313725494,after
2025-03-31/2025-04-06,F1-L3,302.53,8.5,12.5,51.0,75.0,5.931960784313725,before
2025-03-31/2025-04-06,F2-L1,25.56,20.4,30.0,122.39999999999999,180.0,0.2088235294117647,after
2025-03-31/2025-04-06,F2-L1,173.89,20.4,30.0,122.39999999999999,180.0,1.420669934640523,before
2025-03-31/2025-04-06,F2-L2,149.75,13.6,20.0,81.6,120.0,1.835171568627451,after
2025-03-31/2025-04-06,F2-L2,250.07,13.6,20.0,81.6,120.0,3.0645833333333337,before
2025-03-31/2025-04-06,F2-L3,177.92999999999998,8.5,12.5,51.0,75.0,3.488823529411764,after
2025-03-31/2025-04-06,F2-L3,231.57,8.5,12.5,51.0,75.0,4.540588235294117,before
2025-04-07/2025-04-13,F1-L1,148.21,13.6,20.0,81.6,120.0,1.8162990196078435,after
2025-04-07/2025-04-13,F1-L1,381.93,13.6,20.0,81.6,120.0,4.680514705882353,before
2025-04-07/2025-04-13,F1-L2,259.6,20.4,30.0,122.39999999999999,180.0,2.120915032679739,after
2025-04-07/2025-04-13,F1-L2,400.65000000000003,20.4,30.0,122.39999999999999,180.0,3.273284313725491,before
2025-04-07/2025-04-13,F1-L3,220.37,8.5,12.5,51.0,75.0,4.320980392156863,after
2025-04-07/2025-04-13,F1-L3,332.48999999999995,8.5,12.5,51.0,75.0,6.519411764705882,before
2025-04-07/2025-04-13,F2-L1,186.43,20.4,30.0,122.39999999999999,180.0,1.5231209150326799,after
2025-04-07/2025-04-13,F2-L1,102.56,20.4,30.0,122.39999999999999,180.0,0.8379084967320263,before
2025-04-07/2025-04-13,F2-L2,263.01,13.6,20.0,81.6,120.0,3.2231617647058823,after
2025-04-07/2025-04-13,F2-L2,323.69,13.6,20.0,81.6,120.0,3.966789215686275,before
2025-04-07/2025-04-13,F2-L3,414.82,8.5,12.5,51.0,75.0,8.133725490196078,after
2025-04-07/2025-04-13,F2-L3,417.01,8.5,12.5,51.0,75.0,8.176666666666666,before
2025-04-14/2025-04-20,F1-L1,162.07,13.6,20.0,81.6,120.0,1.9861519607843139,after
2025-04-14/2025-04-20,F1-L1,424.77,13.6,20.0,81.6,120.0,5.205514705882353,before
2025-04-14/2025-04-20,F1-L2,351.8,20.4,30.0,122.39999999999999,180.0,2.874183006535948,after
2025-04-14/2025-04-20,F1-L2,315.08000000000004,20.4,30.0,122.39999999999999,180.0,2.5741830065359483,before
2025-04-14/2025-04-20,F1-L3,151.69,8.5,12.5,51.0,75.0,2.974313725490196,after
2025-04-14/2025-04-20,F1-L3,222.25,8.5,12.5,51.0,75.0,4.357843137254902,before
2025-04-14/2025-04-20,F2-L1,157.41,20.4,30.0,122.39999999999999,180.0,1.286029411764706,after
2025-04-14/2025-04-20,F2-L1,132.54000000000002,20.4,30.0,122.39999999999999,180.0,1.082843137254902,before
2025-04-14/2025-04-20,F2-L2,215.24,13.6,20.0,81.6,120.0,2.637745098039216,after
2025-04-14/2025-04-20,F2-L2,184.92,13.6,20.0,81.6,120.0,2.2661764705882352,before
2025-04-14/2025-04-20,F2-L3,123.24000000000001,8.5,12.5,51.0,75.0,2.416470588235294,after
2025-04-14/2025-04-20,F2-L3,468.56,8.5,12.5,51.0,75.0,9.187450980392157,before
2025-04-21/2025-04-27,F1-L1,131.97,13.6,20.0,81.6,120.0,1.617279411764706,after
2025-04-21/2025-04-27,F1-L1,397.06,13.6,20.0,81.6,120.0,4.86593137254902,before
2025-04-21/2025-04-27,F1-L2,201.73,20.4,30.0,122.39999999999999,180.0,1.6481209150326799,after
2025-04-21/2025-04-27,F1-L2,518.05,20.4,30.0,122.39999999999999,180.0,4.232434640522876,before
2025-04-21/2025-04-27,F1-L3,168.92000000000002,8.5,12.5,51.0,75.0,3.3121568627450984,after
2025-04-21/2025-04-27,F1-L3,138.59,8.5,12.5,51.0,75.0,2.7174509803921567,before
2025-04-21/2025-04-27,F2-L1,211.24,20.4,30.0,122.39999999999999,180.0,1.7258169934640524,after
2025-04-21/2025-04-27,F2-L1,167.92,20.4,30.0,122.39999999999999,180.0,1.3718954248366013,before
2025-04-21/2025-04-27,F2-L2,92.67,13.6,20.0,81.6,120.0,1.1356617647058824,after
2025-04-21/2025-04-27,F2-L2,243.89999999999998,13.6,20.0,81.6,120.0,2.988970588235294,before
2025-04-21/2025-04-27,F2-L3,336.9,8.5,12.5,51.0,75.0,6.605882352941176,after
2025-04-21/2025-04-27,F2-L3,377.87,8.5,12.5,51.0,75.0,7.40921568627451,before
2025-04-28/2025-05-04,F1-L1,274.43,13.6,20.0,81.6,120.0,3.3631127450980394,after
2025-04-28/2025-05-04,F1-L1,242.66,13.6,20.0,81.6,120.0,2.973774509803922,before
2025-04-28/2025-05-04,F1-L2,438.12,20.4,30.0,122.39999999999999,180.0,3.5794117647058825,after
2025-04-28/2025-05-04,F1-L2,642.77,20.4,30.0,122.39999999999999,180.0,5.251388888888889,before
2025-04-28/2025-05-04,F1-L3,283.71000000000004,8.5,12.5,51.0,75.0,5.562941176470589,after
2025-04-28/2025-05-04,F1-L3,536.34,8.5,12.5,51.0,75.0,10.516470588235295,before
2025-04-28/2025-05-04,F2-L1,92.17,20.4,30.0,122.39999999999999,180.0,0.7530228758169936,after
2025-04-28/2025-05-04,F2-L1,36.32,20.4,30.0,122.39999999999999,180.0,0.29673202614379085,before
2025-04-28/2025-05-04,F2-L2,93.29,13.6,20.0,81.6,120.0,1.1432598039215687,after
2025-04-28/2025-05-04,F2-L2,186.41,13.6,20.0,81.6,120.0,2.284436274509804,before
2025-04-28/2025-05-04,F2-L3,189.32999999999998,8.5,12.5,51.0,75.0,3.71235294117647,after
2025-04-28/2025-05-04,F2-L3,269.26,8.5,12.5,51.0,75.0,5.279607843137255,before
2025-05-05/2025-05-11,F1-L1,164.56,13.6,20.0,81.6,120.0,2.016666666666667,after
2025-05-05/2025-05-11,F1-L1,270.41,13.6,20.0,81.6,120.0,3.313848039215687,before
2025-05-05/2025-05-11,F1-L2,261.44,20.4,30.0,122.39999999999999,180.0,2.1359477124183006,after
2025-05-05/2025-05-11,F1-L2,586.4,20.4,30.0,122.39999999999999,180.0,4.790849673202614,before
2025-05-05/2025-05-11,F1-L3,81.93,8.5,12.5,51.0,75.0,1.6064705882352943,after
2025-05-05/2025-05-11,F1-L3,212.45999999999998,8.5,12.5,51.0,75.0,4.165882352941176,before
2025-05-05/2025-05-11,F2-L1,127.7,20.4,30.0,122.39999999999999,180.0,1.0433006535947713,after
2025-05-05/2025-05-11,F2-L1,203.24,20.4,30.0,122.39999999999999,180.0,1.6604575163398694,before
2025-05-05/2025-05-11,F2-L2,104.15,13.6,20.0,81.6,120.0,1.2763480392156865,after
2025-05-05/2025-05-11,F2-L2,229.84,13.6,20.0,81.6,120.0,2.816666666666667,before
2025-05-05/2025-05-11,F2-L3,356.39,8.5,12.5,51.0,75.0,6.988039215686274,after
2025-05-05/2025-05-11,F2-L3,259.04,8.5,12.5,51.0,75.0,5.079215686274511,before
2025-05-12/2025-05-18,F1-L1,167.95,13.6,20.0,81.6,120.0,2.0582107843137254,after
2025-05-12/2025-05-18,F1-L1,230.70999999999998,13.6,20.0,81.6,120.0,2.827328431372549,before
2025-05-12/2025-05-18,F1-L2,147.32999999999998,20.4,30.0,122.39999999999999,180.0,1.2036764705882352,after
2025-05-12/2025-05-18,F1-L2,280.08,20.4,30.0,122.39999999999999,180.0,2.288235294117647,before
2025-05-12/2025-05-18,F1-L3,282.26,8.5,12.5,51.0,75.0,5.534509803921568,after
2025-05-12/2025-05-18,F1-L3,248.78,8.5,12.5,51.0,75.0,4.878039215686274,before
2025-05-12/2025-05-18,F2-L1,41.19,20.4,30.0,122.39999999999999,180.0,0.3365196078431373,after
2025-05-12/2025-05-18,F2-L1,243.84,20.4,30.0,122.39999999999999,180.0,1.9921568627450983,before
2025-05-12/2025-05-18,F2-L2,71.32,13.6,20.0,81.6,120.0,0.8740196078431373,after
2025-05-12/2025-05-18,F2-L2,194.3,13.6,20.0,81.6,120.0,2.3811274509803924,before
2025-05-12/2025-05-18,F2-L3,347.26,8.5,12.5,51.0,75.0,6.809019607843137,after
2025-05-12/2025-05-18,F2-L3,274.42,8.5,12.5,51.0,75.0,5.38078431372549,before
2025-05-19/2025-05-25,F1-L1,317.73,13.6,20.0,81.6,120.0,3.8937500000000007,after
2025-05-19/2025-05-25,F1-L1,188.43,13.6,20.0,81.6,120.0,2.3091911764705886,before
2025-05-19/2025-05-25,F1-L2,374.24,20.4,30.0,122.39999999999999,180.0,3.0575163398692813,after
2025-05-19/2025-05-25,F1-L2,88.36,20.4,30.0,122.39999999999999,180.0,0.7218954248366014,before
2025-05-19/2025-05-25,F1-L3,133.8,8.5,12.5,51.0,75.0,2.623529411764706,after
2025-05-19/2025-05-25,F1-L3,235.73999999999998,8.5,12.5,51.0,75.0,4.62235294117647,before
2025-05-19/2025-05-25,F2-L1,207.85,20.4,30.0,122.39999999999999,180.0,1.6981209150326797,after
2025-05-19/2025-05-25,F2-L1,123.12,20.4,30.0,122.39999999999999,180.0,1.0058823529411767,before
2025-05-19/2025-05-25,F2-L2,122.67,13.6,20.0,81.6,120.0,1.5033088235294119,after
2025-05-19/2025-05-25,F2-L2,148.32,13.6,20.0,81.6,120.0,1.8176470588235294,before
2025-05-19/2025-05-25,F2-L3,238.94,8.5,12.5,51.0,75.0,4.685098039215686,after
2025-05-19/2025-05-25,F2-L3,453.21,8.5,12.5,51.0,75.0,8.886470588235294,before
2025-05-26/2025-06-01,F1-L1,82.13,13.6,20.0,81.6,120.0,1.0064950980392158,after
2025-05-26/2025-06-01,F1-L1,259.98,13.6,20.0,81.6,120.0,3.1860294117647063,before
2025-05-26/2025-06-01,F1-L2,74.1,20.4,30.0,122.39999999999999,180.0,0.6053921568627451,after
2025-05-26/2025-06-01,F1-L2,575.4,20.4,30.0,122.39999999999999,180.0,4.700980392156863,before
2025-05-26/2025-06-01,F1-L3,233.68,8.5,12.5,51.0,75.0,4.5819607843137256,after
2025-05-26/2025-06-01,F1-L3,385.87,8.5,12.5,51.0,75.0,7.566078431372549,before
2025-05-26/2025-06-01,F2-L1,350.46,20.4,30.0,122.39999999999999,180.0,2.863235294117647,after
2025-05-26/2025-06-01,F2-L1,137.85999999999999,20.4,30.0,122.39999999999999,180.0,1.1263071895424837,before
2025-05-26/2025-06-01,F2-L2,191.74,13.6,20.0,81.6,120.0,2.3497549019607846,after
2025-05-26/2025-06-01,F2-L2,96.62,13.6,20.0,81.6,120.0,1.1840686274509806,before
2025-05-26/2025-06-01,F2-L3,238.07999999999998,8.5,12.5,51.0,75.0,4.668235294117647,after
2025-05-26/2025-06-01,F2-L3,196.65,8.5,12.5,51.0,75.0,3.8558823529411765,before
2025-06-02/2025-06-08,F1-L1,290.61,13.6,20.0,81.6,120.0,3.56139705882353,after
2025-06-02/2025-06-08,F1-L1,211.81,13.6,20.0,81.6,120.0,2.5957107843137255,before
2025-06-02/2025-06-08,F1-L2,156.64,20.4,30.0,122.39999999999999,180.0,1.2797385620915032,after
2025-06-02/2025-06-08,F1-L2,712.26,20.4,30.0,122.39999999999999,180.0,5.819117647058824,before
2025-06-02/2025-06-08,F1-L3,172.6,8.5,12.5,51.0,75.0,3.384313725490196,after
2025-06-02/2025-06-08,F1-L3,247.35,8.5,12.5,51.0,75.0,4.85,before
2025-06-02/2025-06-08,F2-L1,143.59,20.4,30.0,122.39999999999999,180.0,1.1731209150326798,after
2025-06-02/2025-06-08,F2-L1,111.51,20.4,30.0,122.39999999999999,180.0,0.911029411764706,before
2025-06-02/2025-06-08,F2-L2,245.54,13.6,20.0,81.6,120.0,3.0090686274509806,after
2025-06-02/2025-06-08,F2-L2,80.39,13.6,20.0,81.6,120.0,0.985171568627451,before
2025-06-02/2025-06-08,F2-L3,194.76,8.5,12.5,51.0,75.0,3.8188235294117647,after
2025-06-02/2025-06-08,F2-L3,551.44,8.5,12.5,51.0,75.0,10.812549019607845,before
2025-06-09/2025-06-15,F1-L1,236.83,13.6,20.0,81.6,120.0,2.9023284313725495,after
2025-06-09/2025-06-15,F1-L1,276.55,13.6,20.0,81.6,120.0,3.3890931372549025,before
2025-06-09/2025-06-15,F1-L2,310.21,20.4,30.0,122.39999999999999,180.0,2.5343954248366014,after
2025-06-09/2025-06-15,F1-L2,261.89,20.4,30.0,122.39999999999999,180.0,2.139624183006536,before
2025-06-09/2025-06-15,F1-L3,160.38,8.5,12.5,51.0,75.0,3.144705882352941,after
2025-06-09/2025-06-15,F1-L3,62.36,8.5,12.5,51.0,75.0,1.2227450980392156,before
2025-06-09/2025-06-15,F2-L1,183.89,20.4,30.0,122.39999999999999,180.0,1.5023692810457516,after
2025-06-09/2025-06-15,F2-L1,273.83,20.4,30.0,122.39999999999999,180.0,2.237173202614379,before
2025-06-09/2025-06-15,F2-L2,250.51999999999998,13.6,20.0,81.6,120.0,3.0700980392156865,after
2025-06-09/2025-06-15,F2-L2,271.81,13.6,20.0,81.6,120.0,3.3310049019607844,before
2025-06-09/2025-06-15,F2-L3,221.75,8.5,12.5,51.0,75.0,4.348039215686274,after
2025-06-09/2025-06-15,F2-L3,358.69,8.5,12.5,51.0,75.0,7.033137254901961,before
2025-06-16/2025-06-22,F1-L1,148.12,13.6,20.0,81.6,120.0,1.8151960784313728,after
2025-06-16/2025-06-22,F1-L1,131.17,13.6,20.0,81.6,120.0,1.6074754901960784,before
2025-06-16/2025-06-22,F1-L2,299.34,20.4,30.0,122.39999999999999,180.0,2.4455882352941174,after
2025-06-16/2025-06-22,F1-L2,487.76,20.4,30.0,122.39999999999999,180.0,3.984967320261438,before
2025-06-16/2025-06-22,F1-L3,90.67,8.5,12.5,51.0,75.0,1.777843137254902,after
2025-06-16/2025-06-22,F1-L3,268.89,8.5,12.5,51.0,75.0,5.272352941176471,before
2025-06-16/2025-06-22,F2-L1,165.60999999999999,20.4,30.0,122.39999999999999,180.0,1.3530228758169935,after
2025-06-16/2025-06-22,F2-L1,189.38,20.4,30.0,122.39999999999999,180.0,1.5472222222222223,before
2025-06-16/2025-06-22,F2-L2,265.65999999999997,13.6,20.0,81.6,120.0,3.2556372549019605,after
2025-06-16/2025-06-22,F2-L2,78.41000000000001,13.6,20.0,81.6,120.0,0.9609068627450983,before
2025-06-16/2025-06-22,F2-L3,179.81,8.5,12.5,51.0,75.0,3.525686274509804,after
2025-06-16/2025-06-22,F2-L3,223.32000000000002,8.5,12.5,51.0,75.0,4.378823529411765,before
2025-06-23/2025-06-29,F1-L1,160.45,13.6,20.0,81.6,120.0,1.9662990196078431,after
2025-06-23/2025-06-29,F1-L1,398.83,13.6,20.0,81.6,120.0,4.887622549019608,before
2025-06-23/2025-06-29,F1-L2,417.23,20.4,30.0,122.39999999999999,180.0,3.40874183006536,after
2025-06-23/2025-06-29,F1-L2,551.39,20.4,30.0,122.39999999999999,180.0,4.504820261437908,before
2025-06-23/2025-06-29,F1-L3,198.48,8.5,12.5,51.0,75.0,3.891764705882353,after
2025-06-23/2025-06-29,F1-L3,297.90999999999997,8.5,12.5,51.0,75.0,5.841372549019607,before
2025-06-23/2025-06-29,F2-L1,157.67,20.4,30.0,122.39999999999999,180.0,1.288153594771242,after
2025-06-23/2025-06-29,F2-L1,228.7,20.4,30.0,122.39999999999999,180.0,1.8684640522875817,before
2025-06-23/2025-06-29,F2-L2,173.76,13.6,20.0,81.6,120.0,2.1294117647058823,after
2025-06-23/2025-06-29,F2-L2,226.03,13.6,20.0,81.6,120.0,2.7699754901960785,before
2025-06-23/2025-06-29,F2-L3,178.8,8.5,12.5,51.0,75.0,3.505882352941177,after
2025-06-23/2025-06-29,F2-L3,177.41,8.5,12.5,51.0,75.0,3.478627450980392,before
2025-06-30/2025-07-06,F1-L1,52.78,13.6,20.0,81.6,120.0,0.6468137254901961,after
2025-06-30/2025-07-06,F1-L1,262.8,13.6,20.0,81.6,120.0,3.220588235294118,before
2025-06-30/2025-07-06,F1-L2,249.53,20.4,30.0,122.39999999999999,180.0,2.0386437908496733,after
2025-06-30/2025-07-06,F1-L2,169.16,20.4,30.0,122.39999999999999,180.0,1.3820261437908496,before
2025-06-30/2025-07-06,F1-L3,99.75999999999999,8.5,12.5,51.0,75.0,1.9560784313725488,after
2025-06-30/2025-07-06,F1-L3,207.89000000000001,8.5,12.5,51.0,75.0,4.0762745098039215,before
2025-06-30/2025-07-06,F2-L1,49.01,20.4,30.0,122.39999999999999,180.0,0.40040849673202616,after
2025-06-30/2025-07-06,F2-L1,77.72,20.4,30.0,122.39999999999999,180.0,0.634967320261438,before
2025-06-30/2025-07-06,F2-L2,153.74,13.6,20.0,81.6,120.0,1.8840686274509806,after
2025-06-30/2025-07-06,F2-L2,17.83,13.6,20.0,81.6,120.0,0.21850490196078431,before
2025-06-30/2025-07-06,F2-L3,66.53,8.5,12.5,51.0,75.0,1.3045098039215686,after
2025-06-30/2025-07-06,F2-L3,210.75,8.5,12.5,51.0,75.0,4.132352941176471,before
2025-07-07/2025-07-13,F1-L1,5.64,13.6,20.0,81.6,120.0,0.06911764705882353,before
2025-07-07/2025-07-13,F1-L2,2.3499999999999996,20.4,30.0,122.39999999999999,180.0,0.019199346405228756,after
2025-07-07/2025-07-13,F1-L2,17.3,20.4,30.0,122.39999999999999,180.0,0.14133986928104578,before
2025-07-07/2025-07-13,F1-L3,0.37,8.5,12.5,51.0,75.0,0.0072549019607843135,after
2025-07-07/2025-07-13,F1-L3,5.74,8.5,12.5,51.0,75.0,0.11254901960784314,before
2025-07-07/2025-07-13,F2-L1,0.16,20.4,30.0,122.39999999999999,180.0,0.0013071895424836603,before
2025-07-07/2025-07-13,F2-L2,2.8,13.6,20.0,81.6,120.0,0.03431372549019608,before
2025-07-07/2025-07-13,F2-L3,10.569999999999999,8.5,12.5,51.0,75.0,0.20725490196078428,before
