week,produced_qty,rejected_qty,rework_qty,avg_cycle_time_min,p95_cycle_time_min,avg_waiting_min,inspections,fail_or_hold,defects_found_qty,shipments,avg_lateness_days,p95_lateness_days,demand_qty,orders,scenario
2024-12-30/2025-01-05,2822,35,8,309.14217679548614,1215.6244504399992,17.52929127894737,8,1,2,,,,1376.0,19.0,after
2024-12-30/2025-01-05,3812,108,20,590.8960484670635,3168.5017069708274,35.779371273737375,8,1,2,,,,2120.0,21.0,before
2025-01-06/2025-01-12,11683,126,38,366.38880433259493,1581.5611040991669,17.738114556265664,36,3,6,1.0,0.0,0.0,2626.0,31.0,after
2025-01-06/2025-01-12,11618,292,79,607.0249937179062,2768.9146067166666,32.26310006138614,16,2,27,3.0,0.0,0.0,2437.0,23.0,before
2025-01-13/2025-01-19,15490,208,62,479.09076350052084,1922.6887891133274,17.962515248737372,30,8,37,14.0,0.0,0.0,2290.0,23.0,after
2025-01-13/2025-01-19,20784,586,152,515.8583305655724,2484.6288149291545,32.680654247435896,35,6,60,10.0,1.2,2.0,2343.0,25.0,before
2025-01-20/2025-01-26,13912,171,55,390.6827177072043,1514.4459507416666,17.80641223778626,35,6,11,20.0,0.0,0.0,2535.0,27.0,after
2025-01-20/2025-01-26,14685,409,115,367.2330240728361,1639.76096925,36.8775566772043,37,10,66,17.0,0.058823529411764705,0.1999999999999993,2342.0,25.0,before
2025-01-27/2025-02-02,16216,191,59,469.6455426706214,2443.4277556733327,17.288498454304637,41,5,27,20.0,0.0,0.0,3242.0,27.0,after
2025-01-27/2025-02-02,15739,421,98,547.1763878210784,3123.940580200829,33.94427552174941,37,8,79,17.0,1.7647058823529411,4.0,3403.0,35.0,before
2025-02-03/2025-02-09,19519,237,65,571.2902286486355,2372.693007958333,17.84639948900709,37,6,16,24.0,0.0,0.0,3651.0,25.0,after
2025-02-03/2025-02-09,22025,600,144,536.5234864055078,2533.2915028599973,38.002181701295335,42,9,74,24.0,0.0,0.0,3684.0,30.0,before
2025-02-10/2025-02-16,22135,271,92,551.8874074406307,2868.637700799999,17.410859137820513,41,9,31,20.0,0.0,0.0,3255.0,30.0,after
2025-02-10/2025-02-16,22730,660,181,515.6178318546769,2301.3663936791663,35.703446714522414,35,11,124,18.0,0.0,0.0,2932.0,32.0,before
2025-02-17/2025-02-23,25280,305,101,389.00924556338583,1616.308394956666,17.2471047781106,60,9,30,22.0,0.2727272727272727,2.849999999999998,3830.0,36.0,after
2025-02-17/2025-02-23,18446,500,128,467.3359015558419,2626.9667941625,36.49467830798403,47,14,72,30.0,0.9666666666666667,3.0,2259.0,21.0,before
2025-02-24/2025-03-02,18879,203,65,499.3830127543762,2613.9699794149997,16.442133230132452,34,6,8,24.0,0.0,0.0,3721.0,29.0,after
2025-02-24/2025-03-02,15151,414,119,434.71269882031555,2055.1756977266664,34.01155600264367,39,12,63,32.0,0.375,2.799999999999997,2229.0,23.0,before
2025-03-03/2025-03-09,22239,282,85,453.8423848001773,2339.2461458033335,15.694525625316457,38,6,22,23.0,0.08695652173913043,0.0,2937.0,25.0,after
2025-03-03/2025-03-09,19042,550,124,627.0954444526163,3375.608339147496,37.67296768877315,22,4,29,19.0,0.21052631578947367,2.0,3562.0,26.0,before
2025-03-10/2025-03-16,20489,248,77,632.901516756225,2989.63965185,15.901050367018778,26,5,16,28.0,0.07142857142857142,0.6499999999999986,4369.0,29.0,after
2025-03-10/2025-03-16,20212,554,143,604.4419388890693,2617.7083896616664,33.08340339096692,28,7,55,18.0,0.8888888888888888,3.1499999999999986,4256.0,26.0,before
2025-03-17/2025-03-23,20348,260,68,710.223890392936,3892.5935969750003,16.534089929166665,26,7,22,24.0,0.0,0.0,2563.0,21.0,after
2025-03-17/2025-03-23,27935,781,194,727.8344927968137,3084.360783156666,35.2171371711501,33,5,21,21.0,0.0,0.0,3146.0,28.0,before
2025-03-24/2025-03-30,19319,215,90,422.73773476387225,1977.6774325283304,16.074800157990868,43,8,21,24.0,0.0,0.0,2581.0,22.0,after
2025-03-24/2025-03-30,18678,497,124,530.464444904762,2454.7153682175,32.09123832024691,37,11,62,20.0,0.0,0.0,3715.0,22.0,before
2025-03-31/2025-04-06,15753,221,56,588.1182862040768,2478.090651894999,17.558163072566373,29,5,32,22.0,0.0,0.0,3355.0,29.0,after
2025-03-31/2025-04-06,26254,705,185,723.7326631721297,3155.2087692083255,33.72511320971303,38,5,82,23.0,1.0869565217391304,3.8999999999999986,3682.0,28.0,before
2025-04-07/2025-04-13,23698,297,105,537.589343922906,2300.221735113332,17.548765784839357,47,7,27,26.0,0.0,0.0,4087.0,29.0,after
2025-04-07/2025-04-13,25202,759,188,647.7706582551283,3278.5014588149998,33.98581612984934,31,13,200,22.0,0.09090909090909091,0.9499999999999993,4589.0,30.0,before
2025-04-14/2025-04-20,20450,258,85,499.4717621122754,2109.9483751866665,16.802493773356808,44,2,2,23.0,0.0,0.0,2950.0,23.0,after
2025-04-14/2025-04-20,27297,901,266,642.115425338547,2711.1423273049986,39.56762413363274,44,14,146,21.0,0.38095238095238093,2.0,3193.0,25.0,before
2025-04-21/2025-04-27,19575,231,79,483.3712611076923,2087.1466131966667,16.23337449342723,37,8,12,24.0,0.25,2.0,2936.0,26.0,after
2025-04-21/2025-04-27,22424,634,163,689.4528979155856,3681.67646097666,34.680419123584905,35,7,50,19.0,0.631578947368421,3.0,3683.0,27.0,before
2025-04-28/2025-05-04,20346,235,68,571.065242027877,2979.3691852716674,17.868939729953382,39,2,14,21.0,0.047619047619047616,0.0,4016.0,28.0,after
2025-04-28/2025-05-04,27122,762,213,611.4495091739394,2953.5642153191607,39.45998902745614,38,9,74,27.0,0.7407407407407407,5.0,3496.0,30.0,before
2025-05-05/2025-05-11,18231,210,63,515.8207522744517,2316.234161919999,16.468795951808787,33,7,33,15.0,0.0,0.0,2194.0,18.0,after
2025-05-05/2025-05-11,21734,569,134,655.0403169530965,3480.3683755700013,40.09921504177632,35,6,77,16.0,0.375,3.0,4140.0,29.0,before
2025-05-12/2025-05-18,14855,182,56,624.1457116589081,3068.8410227249997,16.715024804561402,26,3,27,23.0,0.0,0.0,2764.0,23.0,after
2025-05-12/2025-05-18,23882,651,181,551.3557411169244,2496.5378130091667,32.90403004520958,51,10,99,20.0,0.25,2.0500000000000007,3246.0,26.0,before
2025-05-19/2025-05-25,18775,222,60,601.9618606950106,2609.9766517366656,17.54539865658915,32,4,16,21.0,0.19047619047619047,1.0,3877.0,25.0,after
2025-05-19/2025-05-25,13969,384,101,611.4465357126521,2820.3546481766634,36.42352549689266,24,6,50,16.0,0.25,2.0,2517.0,20.0,before
2025-05-26/2025-06-01,21524,262,91,478.28788111261514,1979.2881402166668,16.537760314240504,40,6,35,19.0,0.0,0.0,3303.0,27.0,after
2025-05-26/2025-06-01,22518,639,156,595.7763467274611,2709.2733201899946,34.12191552939394,35,8,52,31.0,0.0,0.0,3806.0,26.0,before
2025-06-02/2025-06-08,20051,238,89,465.2996521345946,1899.9349873233316,16.73607280405983,33,5,27,19.0,0.0,0.0,2779.0,34.0,after
2025-06-02/2025-06-08,23300,633,163,725.2366196908333,3139.5031242499927,39.03024447174393,32,7,45,19.0,1.0526315789473684,4.0,3228.0,26.0,before
2025-06-09/2025-06-15,19717,249,72,418.66486479911504,2046.4954791041664,16.390014866934045,39,9,41,22.0,0.0,0.0,3316.0,34.0,after
2025-06-09/2025-06-15,20655,554,159,595.0865381437853,2829.19175754666,33.89900816322223,45,10,38,25.0,0.6,1.0,2342.0,25.0,before
2025-06-16/2025-06-22,18604,218,71,431.1277555227749,2198.689757108333,16.46493887469512,31,3,14,23.0,0.0,0.0,2706.0,23.0,after
2025-06-16/2025-06-22,19460,562,147,506.5322374107945,2619.285190299997,34.0797224322549,34,10,84,19.0,0.8421052631578947,4.0,4316.0,35.0,before
2025-06-23/2025-06-29,17740,222,68,458.4714522050687,2438.204097760833,15.505080882919255,31,7,15,24.0,0.4166666666666667,2.0,2878.0,31.0,after
2025-06-23/2025-06-29,26910,718,178,509.4498436799095,2290.7861182849997,36.723521083409786,52,7,41,25.0,0.0,0.0,3229.0,30.0,before
2025-06-30/2025-07-06,14445,161,56,356.1692581081018,1319.4655347858316,14.808128760185186,32,4,6,24.0,0.0,0.0,625.0,6.0,after
2025-06-30/2025-07-06,16362,435,116,490.2061086516548,2149.2579271333334,32.09560933866666,36,6,44,22.0,0.5454545454545454,2.0,422.0,6.0,before
2025-07-07/2025-07-13,297,2,1,81.33033475333333,187.84585034999998,13.00023955,2,0,0,16.0,0.0,0.0,,,after
2025-07-07/2025-07-13,2569,80,29,276.0237607482456,794.3031695149973,33.53042881574074,4,2,5,25.0,0.52,3.0,,,before
