work_order_id,sales_order_id,sku_id,factory_id,planned_qty,planned_start_date,scenario
WO000001,SO00662,SKU0014,F1,43,2025-01-04,after
WO000002,SO00218,SKU0022,F1,61,2025-01-05,after
WO000003,SO00215,SKU0019,F2,105,2025-01-04,after
WO000004,SO00276,SKU0004,F1,53,2025-01-04,after
WO000005,SO00533,SKU0028,F2,83,2025-01-06,after
WO000006,SO00399,SKU0026,F2,95,2025-01-07,after
WO000007,SO00417,SKU0004,F1,45,2025-01-05,after
WO000008,SO00110,SKU0018,F1,73,2025-01-09,after
WO000009,SO00665,SKU0030,F1,147,2025-01-06,after
WO000010,SO00311,SKU0027,F2,99,2025-01-04,after
WO000011,SO00098,SKU0026,F2,23,2025-01-05,after
WO000012,SO00323,SKU0009,F1,113,2025-01-10,after
WO000013,SO00337,SKU0007,F1,47,2025-01-07,after
WO000014,SO00459,SKU0015,F1,81,2025-01-04,after
WO000015,SO00597,SKU0001,F1,58,2025-01-08,after
WO000016,SO00316,SKU0002,F1,48,2025-01-05,after
WO000017,SO00471,SKU0024,F1,80,2025-01-09,after
WO000018,SO00427,SKU0002,F1,56,2025-01-05,after
WO000019,SO00142,SKU0009,F1,76,2025-01-09,after
WO000020,SO00360,SKU0003,F2,117,2025-01-07,after
WO000021,SO00022,SKU0009,F1,98,2025-01-10,after
WO000022,SO00063,SKU0001,F1,100,2025-01-09,after
WO000023,SO00357,SKU0005,F2,37,2025-01-08,after
WO000024,SO00445,SKU0007,F1,38,2025-01-11,after
WO000025,SO00693,SKU0023,F1,123,2025-01-10,after
WO000026,SO00568,SKU0009,F1,74,2025-01-10,after
WO000027,SO00559,SKU0006,F2,91,2025-01-08,after
WO000028,SO00537,SKU0012,F2,43,2025-01-09,after
WO000029,SO00467,SKU0013,F1,100,2025-01-13,after
WO000030,SO00506,SKU0021,F2,48,2025-01-09,after
WO000031,SO00117,SKU0010,F1,32,2025-01-11,after
WO000032,SO00646,SKU0020,F2,154,2025-01-11,after
WO000033,SO00232,SKU0027,F2,20,2025-01-15,after
WO000034,SO00640,SKU0016,F2,66,2025-01-16,after
WO000035,SO00565,SKU0010,F1,52,2025-01-10,after
WO000036,SO00210,SKU0007,F1,114,2025-01-15,after
WO000037,SO00668,SKU0003,F2,52,2025-01-12,after
WO000038,SO00086,SKU0028,F2,77,2025-01-15,after
WO000039,SO00571,SKU0015,F1,92,2025-01-13,after
WO000040,SO00119,SKU0011,F1,269,2025-01-11,after
WO000041,SO00596,SKU0011,F1,232,2025-01-17,after
WO000042,SO00641,SKU0017,F2,53,2025-01-14,after
WO000043,SO00448,SKU0015,F1,36,2025-01-12,after
WO000044,SO00194,SKU0015,F1,52,2025-01-18,after
WO000045,SO00111,SKU0019,F2,86,2025-01-15,after
WO000046,SO00192,SKU0006,F2,79,2025-01-19,after
WO000047,SO00223,SKU0027,F2,49,2025-01-17,after
WO000048,SO00586,SKU0023,F1,96,2025-01-17,after
WO000049,SO00413,SKU0005,F2,139,2025-01-15,after
WO000050,SO00014,SKU0008,F2,53,2025-01-13,after
WO000051,SO00198,SKU0014,F1,103,2025-01-18,after
WO000052,SO00164,SKU0005,F2,97,2025-01-14,after
WO000053,SO00479,SKU0019,F2,43,2025-01-20,after
WO000054,SO00368,SKU0019,F2,29,2025-01-16,after
WO000055,SO00643,SKU0005,F2,56,2025-01-19,after
WO000056,SO00545,SKU0002,F1,109,2025-01-17,after
WO000057,SO00246,SKU0011,F1,176,2025-01-15,after
WO000058,SO00233,SKU0010,F1,200,2025-01-16,after
WO000059,SO00333,SKU0024,F1,287,2025-01-15,after
WO000060,SO00211,SKU0001,F1,65,2025-01-19,after
WO000061,SO00306,SKU0019,F2,64,2025-01-19,after
WO000062,SO00336,SKU0017,F2,129,2025-01-20,after
WO000063,SO00196,SKU0021,F2,44,2025-01-23,after
WO000064,SO00606,SKU0009,F1,171,2025-01-16,after
WO000065,SO00268,SKU0016,F2,35,2025-01-20,after
WO000066,SO00436,SKU0023,F1,96,2025-01-20,after
WO000067,SO00076,SKU0010,F1,129,2025-01-17,after
WO000068,SO00278,SKU0019,F2,138,2025-01-20,after
WO000069,SO00116,SKU0008,F2,74,2025-01-20,after
WO000070,SO00186,SKU0027,F2,94,2025-01-20,after
WO000071,SO00700,SKU0008,F2,78,2025-01-19,after
WO000072,SO00058,SKU0029,F1,82,2025-01-26,after
WO000073,SO00567,SKU0025,F1,28,2025-01-26,after
WO000074,SO00139,SKU0012,F2,53,2025-01-23,after
WO000075,SO00691,SKU0006,F2,50,2025-01-25,after
WO000076,SO00081,SKU0018,F1,85,2025-01-22,after
WO000077,SO00138,SKU0013,F1,265,2025-01-21,after
WO000078,SO00425,SKU0014,F1,68,2025-01-24,after
WO000079,SO00558,SKU0016,F2,86,2025-01-29,after
WO000080,SO00011,SKU0007,F1,80,2025-01-24,after
WO000081,SO00261,SKU0015,F1,127,2025-01-26,after
WO000082,SO00560,SKU0003,F2,124,2025-01-23,after
WO000083,SO00387,SKU0022,F1,39,2025-01-27,after
WO000084,SO00404,SKU0019,F2,37,2025-01-27,after
WO000085,SO00575,SKU0001,F1,48,2025-01-27,after
WO000086,SO00663,SKU0002,F1,145,2025-01-28,after
WO000087,SO00400,SKU0026,F2,24,2025-01-29,after
WO000088,SO00041,SKU0020,F2,77,2025-01-25,after
WO000089,SO00469,SKU0009,F1,59,2025-01-26,after
WO000090,SO00496,SKU0019,F2,106,2025-01-28,after
WO000091,SO00250,SKU0025,F1,178,2025-01-27,after
WO000092,SO00566,SKU0012,F2,65,2025-01-30,after
WO000093,SO00690,SKU0021,F2,56,2025-01-26,after
WO000094,SO00071,SKU0020,F2,128,2025-01-25,after
WO000095,SO00369,SKU0016,F2,103,2025-01-27,after
WO000096,SO00620,SKU0002,F1,96,2025-01-26,after
WO000097,SO00492,SKU0019,F2,130,2025-02-01,after
WO000098,SO00151,SKU0006,F2,73,2025-01-30,after
WO000099,SO00361,SKU0010,F1,108,2025-01-26,after
WO000100,SO00103,SKU0025,F1,158,2025-02-01,after
WO000101,SO00006,SKU0021,F2,47,2025-01-29,after
WO000102,SO00412,SKU0030,F1,127,2025-01-30,after
WO000103,SO00412,SKU0030,F1,130,2025-01-30,after
WO000104,SO00390,SKU0017,F2,86,2025-02-01,after
WO000105,SO00669,SKU0013,F1,155,2025-01-28,after
WO000106,SO00669,SKU0013,F1,157,2025-01-28,after
WO000107,SO00380,SKU0029,F1,137,2025-02-01,after
WO000108,SO00045,SKU0014,F1,62,2025-01-28,after
WO000109,SO00485,SKU0004,F1,68,2025-02-06,after
WO000110,SO00305,SKU0003,F2,76,2025-02-05,after
WO000111,SO00443,SKU0026,F2,45,2025-02-08,after
WO000112,SO00454,SKU0023,F1,65,2025-02-04,after
WO000113,SO00005,SKU0005,F2,82,2025-02-03,after
WO000114,SO00329,SKU0025,F1,172,2025-01-30,after
WO000115,SO00015,SKU0017,F2,104,2025-01-31,after
WO000116,SO00122,SKU0010,F1,50,2025-02-03,after
WO000117,SO00118,SKU0013,F1,60,2025-01-31,after
WO000118,SO00695,SKU0006,F2,263,2025-02-05,after
WO000119,SO00432,SKU0002,F1,63,2025-02-04,after
WO000120,SO00569,SKU0022,F1,31,2025-02-05,after
WO000121,SO00637,SKU0001,F1,108,2025-02-01,after
WO000122,SO00561,SKU0010,F1,164,2025-02-05,after
WO000123,SO00648,SKU0028,F2,64,2025-02-06,after
WO000124,SO00222,SKU0028,F2,55,2025-02-05,after
WO000125,SO00060,SKU0028,F2,118,2025-02-05,after
WO000126,SO00529,SKU0001,F1,55,2025-02-04,after
WO000127,SO00378,SKU0029,F1,332,2025-02-05,after
WO000128,SO00291,SKU0011,F1,317,2025-02-02,after
WO000129,SO00017,SKU0024,F1,77,2025-02-09,after
WO000130,SO00283,SKU0026,F2,110,2025-02-04,after
WO000131,SO00055,SKU0029,F1,86,2025-02-10,after
WO000132,SO00428,SKU0010,F1,191,2025-02-06,after
WO000133,SO00179,SKU0024,F1,116,2025-02-05,after
WO000134,SO00282,SKU0018,F1,294,2025-02-05,after
WO000135,SO00143,SKU0007,F1,106,2025-02-07,after
WO000136,SO00275,SKU0001,F1,81,2025-02-08,after
WO000137,SO00409,SKU0022,F1,164,2025-02-09,after
WO000138,SO00450,SKU0002,F1,175,2025-02-08,after
WO000139,SO00104,SKU0025,F1,150,2025-02-11,after
WO000140,SO00003,SKU0013,F1,220,2025-02-10,after
WO000141,SO00225,SKU0012,F2,146,2025-02-07,after
WO000142,SO00383,SKU0026,F2,229,2025-02-08,after
WO000143,SO00473,SKU0022,F1,133,2025-02-09,after
WO000144,SO00314,SKU0019,F2,149,2025-02-12,after
WO000145,SO00350,SKU0010,F1,231,2025-02-08,after
WO000146,SO00121,SKU0024,F1,113,2025-02-11,after
WO000147,SO00090,SKU0024,F1,44,2025-02-08,after
WO000148,SO00004,SKU0004,F1,329,2025-02-13,after
WO000149,SO00681,SKU0030,F1,49,2025-02-13,after
WO000150,SO00228,SKU0018,F1,51,2025-02-14,after
WO000151,SO00525,SKU0005,F2,218,2025-02-11,after
WO000152,SO00285,SKU0030,F1,69,2025-02-10,after
WO000153,SO00631,SKU0029,F1,134,2025-02-09,after
WO000154,SO00065,SKU0015,F1,131,2025-02-11,after
WO000155,SO00113,SKU0025,F1,162,2025-02-14,after
WO000156,SO00108,SKU0017,F2,157,2025-02-15,after
WO000157,SO00497,SKU0015,F1,262,2025-02-16,after
WO000158,SO00625,SKU0003,F2,67,2025-02-14,after
WO000159,SO00057,SKU0022,F1,54,2025-02-15,after
WO000160,SO00397,SKU0001,F1,72,2025-02-14,after
WO000161,SO00447,SKU0012,F2,250,2025-02-14,after
WO000162,SO00456,SKU0015,F1,183,2025-02-16,after
WO000163,SO00141,SKU0012,F2,141,2025-02-17,after
WO000164,SO00304,SKU0021,F2,55,2025-02-16,after
WO000165,SO00514,SKU0018,F1,48,2025-02-13,after
WO000166,SO00176,SKU0006,F2,91,2025-02-14,after
WO000167,SO00126,SKU0025,F1,174,2025-02-17,after
WO000168,SO00160,SKU0006,F2,134,2025-02-13,after
WO000169,SO00376,SKU0010,F1,103,2025-02-16,after
WO000170,SO00697,SKU0016,F2,80,2025-02-16,after
WO000171,SO00520,SKU0011,F1,32,2025-02-15,after
WO000172,SO00617,SKU0018,F1,94,2025-02-17,after
WO000173,SO00136,SKU0013,F1,147,2025-02-14,after
WO000174,SO00267,SKU0030,F1,76,2025-02-14,after
WO000175,SO00434,SKU0001,F1,25,2025-02-18,after
WO000176,SO00018,SKU0021,F2,95,2025-02-18,after
WO000177,SO00671,SKU0023,F1,96,2025-02-16,after
WO000178,SO00358,SKU0009,F1,108,2025-02-20,after
WO000179,SO00609,SKU0018,F1,138,2025-02-20,after
WO000180,SO00499,SKU0014,F1,82,2025-02-17,after
WO000181,SO00666,SKU0006,F2,79,2025-02-17,after
WO000182,SO00340,SKU0029,F1,86,2025-02-20,after
WO000183,SO00205,SKU0019,F2,64,2025-02-19,after
WO000184,SO00612,SKU0030,F1,149,2025-02-20,after
WO000185,SO00023,SKU0018,F1,178,2025-02-22,after
WO000186,SO00532,SKU0027,F2,117,2025-02-21,after
WO000187,SO00391,SKU0006,F2,62,2025-02-19,after
WO000188,SO00049,SKU0023,F1,45,2025-02-17,after
WO000189,SO00095,SKU0017,F2,44,2025-02-20,after
WO000190,SO00546,SKU0023,F1,105,2025-02-19,after
WO000191,SO00548,SKU0023,F1,116,2025-02-18,after
WO000192,SO00322,SKU0024,F1,79,2025-02-22,after
WO000193,SO00152,SKU0017,F2,49,2025-02-19,after
WO000194,SO00653,SKU0024,F1,81,2025-02-21,after
WO000195,SO00395,SKU0018,F1,187,2025-02-20,after
WO000196,SO00240,SKU0007,F1,72,2025-02-22,after
WO000197,SO00335,SKU0023,F1,136,2025-02-19,after
WO000198,SO00384,SKU0010,F1,217,2025-02-23,after
WO000199,SO00372,SKU0008,F2,72,2025-02-21,after
WO000200,SO00515,SKU0002,F1,63,2025-02-21,after
WO000201,SO00313,SKU0001,F1,94,2025-02-25,after
WO000202,SO00500,SKU0013,F1,137,2025-02-22,after
WO000203,SO00163,SKU0012,F2,58,2025-02-26,after
WO000204,SO00420,SKU0027,F2,49,2025-02-24,after
WO000205,SO00600,SKU0029,F1,119,2025-02-22,after
WO000206,SO00112,SKU0016,F2,40,2025-02-22,after
WO000207,SO00295,SKU0025,F1,32,2025-02-24,after
WO000208,SO00033,SKU0025,F1,158,2025-02-23,after
WO000209,SO00124,SKU0016,F2,96,2025-02-21,after
WO000210,SO00588,SKU0017,F2,255,2025-02-24,after
WO000211,SO00438,SKU0021,F2,125,2025-02-22,after
WO000212,SO00392,SKU0017,F2,94,2025-02-25,after
WO000213,SO00513,SKU0021,F2,38,2025-02-23,after
WO000214,SO00614,SKU0001,F1,96,2025-02-28,after
WO000215,SO00587,SKU0001,F1,148,2025-02-26,after
WO000216,SO00587,SKU0001,F1,150,2025-02-26,after
WO000217,SO00341,SKU0004,F1,258,2025-02-27,after
WO000218,SO00214,SKU0026,F2,89,2025-02-22,after
WO000219,SO00027,SKU0002,F1,52,2025-02-26,after
WO000220,SO00344,SKU0030,F1,86,2025-02-23,after
WO000221,SO00106,SKU0010,F1,107,2025-02-27,after
WO000222,SO00462,SKU0007,F1,113,2025-02-28,after
WO000223,SO00645,SKU0023,F1,227,2025-03-05,after
WO000224,SO00303,SKU0022,F1,44,2025-02-28,after
WO000225,SO00570,SKU0023,F1,164,2025-02-26,after
WO000226,SO00083,SKU0016,F2,28,2025-02-27,after
WO000227,SO00125,SKU0011,F1,135,2025-03-02,after
WO000228,SO00484,SKU0026,F2,89,2025-02-26,after
WO000229,SO00416,SKU0001,F1,53,2025-02-25,after
WO000230,SO00621,SKU0010,F1,123,2025-03-02,after
WO000231,SO00696,SKU0024,F1,161,2025-03-02,after
WO000232,SO00339,SKU0015,F1,151,2025-02-27,after
WO000233,SO00618,SKU0007,F1,101,2025-02-28,after
WO000234,SO00660,SKU0010,F1,65,2025-03-02,after
WO000235,SO00466,SKU0030,F1,33,2025-03-03,after
WO000236,SO00530,SKU0010,F1,146,2025-03-02,after
WO000237,SO00590,SKU0029,F1,349,2025-03-01,after
WO000238,SO00478,SKU0008,F2,31,2025-02-28,after
WO000239,SO00422,SKU0017,F2,102,2025-03-05,after
WO000240,SO00002,SKU0013,F1,168,2025-03-05,after
WO000241,SO00325,SKU0001,F1,89,2025-03-05,after
WO000242,SO00495,SKU0009,F1,208,2025-03-04,after
WO000243,SO00363,SKU0018,F1,310,2025-03-03,after
WO000244,SO00507,SKU0005,F2,117,2025-03-05,after
WO000245,SO00256,SKU0014,F1,74,2025-03-04,after
WO000246,SO00667,SKU0024,F1,211,2025-03-03,after
WO000247,SO00483,SKU0018,F1,158,2025-03-06,after
WO000248,SO00252,SKU0014,F1,76,2025-03-04,after
WO000249,SO00287,SKU0026,F2,99,2025-03-04,after
WO000250,SO00220,SKU0028,F2,143,2025-03-02,after
WO000251,SO00007,SKU0023,F1,167,2025-03-05,after
WO000252,SO00487,SKU0028,F2,145,2025-03-06,after
WO000253,SO00212,SKU0018,F1,108,2025-03-07,after
WO000254,SO00147,SKU0026,F2,158,2025-03-11,after
WO000255,SO00127,SKU0006,F2,67,2025-03-06,after
WO000256,SO00140,SKU0014,F1,40,2025-03-08,after
WO000257,SO00326,SKU0006,F2,87,2025-03-12,after
WO000258,SO00010,SKU0002,F1,161,2025-03-10,after
WO000259,SO00501,SKU0021,F2,58,2025-03-09,after
WO000260,SO00298,SKU0022,F1,50,2025-03-06,after
WO000261,SO00534,SKU0013,F1,168,2025-03-09,after
WO000262,SO00455,SKU0005,F2,107,2025-03-07,after
WO000263,SO00401,SKU0024,F1,46,2025-03-08,after
WO000264,SO00381,SKU0019,F2,29,2025-03-08,after
WO000265,SO00091,SKU0015,F1,72,2025-03-09,after
WO000266,SO00523,SKU0020,F2,55,2025-03-07,after
WO000267,SO00367,SKU0011,F1,158,2025-03-07,after
WO000268,SO00632,SKU0005,F2,93,2025-03-09,after
WO000269,SO00398,SKU0016,F2,251,2025-03-09,after
WO000270,SO00554,SKU0018,F1,62,2025-03-10,after
WO000271,SO00253,SKU0019,F2,96,2025-03-14,after
WO000272,SO00109,SKU0016,F2,63,2025-03-10,after
WO000273,SO00517,SKU0010,F1,290,2025-03-10,after
WO000274,SO00084,SKU0002,F1,197,2025-03-12,after
WO000275,SO00284,SKU0006,F2,263,2025-03-09,after
WO000276,SO00272,SKU0003,F2,90,2025-03-13,after
WO000277,SO00461,SKU0030,F1,167,2025-03-12,after
WO000278,SO00264,SKU0016,F2,82,2025-03-11,after
WO000279,SO00364,SKU0026,F2,124,2025-03-18,after
WO000280,SO00072,SKU0024,F1,94,2025-03-15,after
WO000281,SO00187,SKU0003,F2,80,2025-03-15,after
WO000282,SO00331,SKU0006,F2,110,2025-03-14,after
WO000283,SO00541,SKU0023,F1,338,2025-03-11,after
WO000284,SO00504,SKU0021,F2,54,2025-03-14,after
WO000285,SO00301,SKU0013,F1,122,2025-03-13,after
WO000286,SO00134,SKU0017,F2,150,2025-03-13,after
WO000287,SO00296,SKU0020,F2,389,2025-03-18,after
WO000288,SO00498,SKU0015,F1,204,2025-03-17,after
WO000289,SO00406,SKU0009,F1,62,2025-03-17,after
WO000290,SO00595,SKU0010,F1,38,2025-03-16,after
WO000291,SO00130,SKU0016,F2,70,2025-03-13,after
WO000292,SO00034,SKU0004,F1,217,2025-03-20,after
WO000293,SO00470,SKU0008,F2,147,2025-03-18,after
WO000294,SO00312,SKU0017,F2,85,2025-03-14,after
WO000295,SO00097,SKU0013,F1,240,2025-03-18,after
WO000296,SO00342,SKU0008,F2,184,2025-03-19,after
WO000297,SO00237,SKU0025,F1,264,2025-03-18,after
WO000298,SO00472,SKU0010,F1,32,2025-03-22,after
WO000299,SO00527,SKU0030,F1,108,2025-03-16,after
WO000300,SO00039,SKU0005,F2,142,2025-03-15,after
WO000301,SO00362,SKU0017,F2,322,2025-03-15,after
WO000302,SO00206,SKU0015,F1,131,2025-03-21,after
WO000303,SO00531,SKU0021,F2,214,2025-03-17,after
WO000304,SO00013,SKU0025,F1,193,2025-03-23,after
WO000305,SO00623,SKU0020,F2,56,2025-03-17,after
WO000306,SO00050,SKU0012,F2,63,2025-03-21,after
WO000307,SO00075,SKU0017,F2,224,2025-03-22,after
WO000308,SO00040,SKU0007,F1,36,2025-03-20,after
WO000309,SO00423,SKU0010,F1,141,2025-03-24,after
WO000310,SO00488,SKU0002,F1,85,2025-03-20,after
WO000311,SO00290,SKU0011,F1,261,2025-03-23,after
WO000312,SO00161,SKU0014,F1,108,2025-03-27,after
WO000313,SO00094,SKU0001,F1,107,2025-03-23,after
WO000314,SO00698,SKU0029,F1,210,2025-03-22,after
WO000315,SO00184,SKU0009,F1,184,2025-03-23,after
WO000316,SO00149,SKU0018,F1,75,2025-03-23,after
WO000317,SO00592,SKU0017,F2,90,2025-03-24,after
WO000318,SO00536,SKU0007,F1,93,2025-03-23,after
WO000319,SO00512,SKU0023,F1,86,2025-03-25,after
WO000320,SO00166,SKU0015,F1,202,2025-03-23,after
WO000321,SO00265,SKU0029,F1,162,2025-03-24,after
WO000322,SO00526,SKU0012,F2,123,2025-03-25,after
WO000323,SO00679,SKU0024,F1,56,2025-03-23,after
WO000324,SO00437,SKU0028,F2,63,2025-03-27,after
WO000325,SO00639,SKU0024,F1,188,2025-03-23,after
WO000326,SO00328,SKU0023,F1,209,2025-03-28,after
WO000327,SO00421,SKU0014,F1,109,2025-03-24,after
WO000328,SO00607,SKU0027,F2,30,2025-03-24,after
WO000329,SO00627,SKU0011,F1,169,2025-03-29,after
WO000330,SO00657,SKU0011,F1,93,2025-03-28,after
WO000331,SO00580,SKU0024,F1,147,2025-03-31,after
WO000332,SO00670,SKU0027,F2,73,2025-03-27,after
WO000333,SO00167,SKU0025,F1,274,2025-03-30,after
WO000334,SO00656,SKU0026,F2,149,2025-03-31,after
WO000335,SO00343,SKU0030,F1,20,2025-03-26,after
WO000336,SO00630,SKU0029,F1,65,2025-03-28,after
WO000337,SO00309,SKU0022,F1,65,2025-03-26,after
WO000338,SO00585,SKU0027,F2,126,2025-03-30,after
WO000339,SO00032,SKU0030,F1,123,2025-03-27,after
WO000340,SO00452,SKU0018,F1,96,2025-03-30,after
WO000341,SO00429,SKU0020,F2,80,2025-03-29,after
WO000342,SO00382,SKU0007,F1,216,2025-04-04,after
WO000343,SO00180,SKU0016,F2,73,2025-04-03,after
WO000344,SO00251,SKU0025,F1,195,2025-04-02,after
WO000345,SO00132,SKU0017,F2,98,2025-04-04,after
WO000346,SO00582,SKU0024,F1,132,2025-04-03,after
WO000347,SO00555,SKU0001,F1,83,2025-04-03,after
WO000348,SO00069,SKU0010,F1,89,2025-04-01,after
WO000349,SO00552,SKU0019,F2,269,2025-04-02,after
WO000350,SO00642,SKU0008,F2,95,2025-03-31,after
WO000351,SO00183,SKU0029,F1,144,2025-04-03,after
WO000352,SO00579,SKU0010,F1,148,2025-04-06,after
WO000353,SO00579,SKU0010,F1,151,2025-04-06,after
WO000354,SO00219,SKU0014,F1,175,2025-04-03,after
WO000355,SO00542,SKU0010,F1,74,2025-04-06,after
WO000356,SO00659,SKU0004,F1,126,2025-04-01,after
WO000357,SO00259,SKU0005,F2,47,2025-04-06,after
WO000358,SO00248,SKU0013,F1,63,2025-04-04,after
WO000359,SO00064,SKU0003,F2,45,2025-04-05,after
WO000360,SO00088,SKU0001,F1,229,2025-04-06,after
WO000361,SO00280,SKU0013,F1,132,2025-04-05,after
WO000362,SO00396,SKU0005,F2,34,2025-04-05,after
WO000363,SO00394,SKU0010,F1,46,2025-04-02,after
WO000364,SO00043,SKU0016,F2,106,2025-04-09,after
WO000365,SO00307,SKU0028,F2,53,2025-04-08,after
WO000366,SO00135,SKU0028,F2,233,2025-04-07,after
WO000367,SO00114,SKU0017,F2,118,2025-04-09,after
WO000368,SO00082,SKU0027,F2,121,2025-04-07,after
WO000369,SO00538,SKU0001,F1,93,2025-04-06,after
WO000370,SO00178,SKU0018,F1,123,2025-04-10,after
WO000371,SO00234,SKU0021,F2,58,2025-04-12,after
WO000372,SO00457,SKU0028,F2,88,2025-04-08,after
WO000373,SO00273,SKU0015,F1,114,2025-04-09,after
WO000374,SO00254,SKU0020,F2,189,2025-04-10,after
WO000375,SO00146,SKU0010,F1,73,2025-04-06,after
WO000376,SO00181,SKU0020,F2,61,2025-04-10,after
WO000377,SO00158,SKU0001,F1,106,2025-04-08,after
WO000378,SO00619,SKU0016,F2,59,2025-04-11,after
WO000379,SO00402,SKU0020,F2,65,2025-04-08,after
WO000380,SO00202,SKU0004,F1,256,2025-04-09,after
WO000381,SO00330,SKU0029,F1,316,2025-04-10,after
WO000382,SO00385,SKU0017,F2,87,2025-04-10,after
WO000383,SO00684,SKU0019,F2,72,2025-04-15,after
WO000384,SO00258,SKU0009,F1,189,2025-04-12,after
WO000385,SO00174,SKU0002,F1,208,2025-04-13,after
WO000386,SO00601,SKU0023,F1,178,2025-04-09,after
WO000387,SO00652,SKU0017,F2,92,2025-04-13,after
WO000388,SO00128,SKU0026,F2,33,2025-04-09,after
WO000389,SO00317,SKU0026,F2,61,2025-04-12,after
WO000390,SO00562,SKU0027,F2,148,2025-04-10,after
WO000391,SO00677,SKU0011,F1,278,2025-04-15,after
WO000392,SO00610,SKU0009,F1,167,2025-04-15,after
WO000393,SO00356,SKU0008,F2,313,2025-04-11,after
WO000394,SO00037,SKU0019,F2,83,2025-04-14,after
WO000395,SO00213,SKU0002,F1,218,2025-04-14,after
WO000396,SO00685,SKU0027,F2,211,2025-04-16,after
WO000397,SO00602,SKU0001,F1,41,2025-04-19,after
WO000398,SO00236,SKU0005,F2,147,2025-04-12,after
WO000399,SO00521,SKU0011,F1,189,2025-04-13,after
WO000400,SO00347,SKU0016,F2,42,2025-04-18,after
WO000401,SO00226,SKU0012,F2,112,2025-04-12,after
WO000402,SO00405,SKU0009,F1,155,2025-04-14,after
WO000403,SO00594,SKU0004,F1,73,2025-04-13,after
WO000404,SO00481,SKU0013,F1,105,2025-04-14,after
WO000405,SO00688,SKU0018,F1,134,2025-04-17,after
WO000406,SO00056,SKU0017,F2,97,2025-04-15,after
WO000407,SO00453,SKU0019,F2,135,2025-04-16,after
WO000408,SO00144,SKU0004,F1,142,2025-04-17,after
WO000409,SO00137,SKU0029,F1,50,2025-04-15,after
WO000410,SO00244,SKU0016,F2,34,2025-04-19,after
WO000411,SO00165,SKU0010,F1,165,2025-04-21,after
WO000412,SO00182,SKU0017,F2,116,2025-04-19,after
WO000413,SO00651,SKU0009,F1,97,2025-04-22,after
WO000414,SO00078,SKU0007,F1,66,2025-04-22,after
WO000415,SO00694,SKU0030,F1,119,2025-04-18,after
WO000416,SO00073,SKU0010,F1,176,2025-04-19,after
WO000417,SO00578,SKU0026,F2,134,2025-04-25,after
WO000418,SO00354,SKU0008,F2,138,2025-04-19,after
WO000419,SO00093,SKU0001,F1,57,2025-04-17,after
WO000420,SO00636,SKU0027,F2,109,2025-04-18,after
WO000421,SO00338,SKU0008,F2,115,2025-04-21,after
WO000422,SO00353,SKU0007,F1,94,2025-04-24,after
WO000423,SO00444,SKU0029,F1,214,2025-04-20,after
WO000424,SO00444,SKU0029,F1,197,2025-04-20,after
WO000425,SO00224,SKU0019,F2,147,2025-04-25,after
WO000426,SO00310,SKU0023,F1,113,2025-04-23,after
WO000427,SO00203,SKU0020,F2,187,2025-04-19,after
WO000428,SO00189,SKU0024,F1,177,2025-04-23,after
WO000429,SO00458,SKU0012,F2,126,2025-04-23,after
WO000430,SO00030,SKU0022,F1,101,2025-04-24,after
WO000431,SO00048,SKU0029,F1,104,2025-04-23,after
WO000432,SO00518,SKU0021,F2,108,2025-04-26,after
WO000433,SO00377,SKU0028,F2,117,2025-04-23,after
WO000434,SO00332,SKU0027,F2,61,2025-04-25,after
WO000435,SO00319,SKU0012,F2,96,2025-04-26,after
WO000436,SO00503,SKU0027,F2,63,2025-04-23,after
WO000437,SO00516,SKU0017,F2,88,2025-04-29,after
WO000438,SO00599,SKU0023,F1,188,2025-04-24,after
WO000439,SO00599,SKU0023,F1,182,2025-04-24,after
WO000440,SO00589,SKU0007,F1,72,2025-04-27,after
WO000441,SO00374,SKU0026,F2,115,2025-04-23,after
WO000442,SO00435,SKU0011,F1,159,2025-04-28,after
WO000443,SO00482,SKU0008,F2,117,2025-04-26,after
WO000444,SO00263,SKU0015,F1,200,2025-04-29,after
WO000445,SO00092,SKU0010,F1,32,2025-04-23,after
WO000446,SO00661,SKU0023,F1,58,2025-04-27,after
WO000447,SO00074,SKU0016,F2,244,2025-04-24,after
WO000448,SO00131,SKU0030,F1,31,2025-04-27,after
WO000449,SO00123,SKU0024,F1,100,2025-04-28,after
WO000450,SO00477,SKU0023,F1,156,2025-04-28,after
WO000451,SO00634,SKU0027,F2,72,2025-05-02,after
WO000452,SO00129,SKU0027,F2,107,2025-04-26,after
WO000453,SO00054,SKU0030,F1,142,2025-04-29,after
WO000454,SO00511,SKU0008,F2,140,2025-05-06,after
WO000455,SO00239,SKU0022,F1,98,2025-05-02,after
WO000456,SO00102,SKU0027,F2,99,2025-04-28,after
WO000457,SO00430,SKU0002,F1,32,2025-04-28,after
WO000458,SO00365,SKU0023,F1,239,2025-04-29,after
WO000459,SO00096,SKU0029,F1,184,2025-04-30,after
WO000460,SO00153,SKU0016,F2,202,2025-04-29,after
WO000461,SO00099,SKU0024,F1,136,2025-05-01,after
WO000462,SO00460,SKU0014,F1,78,2025-04-30,after
WO000463,SO00346,SKU0022,F1,219,2025-05-02,after
WO000464,SO00209,SKU0019,F2,148,2025-05-01,after
WO000465,SO00622,SKU0007,F1,222,2025-05-01,after
WO000466,SO00068,SKU0026,F2,62,2025-05-03,after
WO000467,SO00486,SKU0012,F2,60,2025-05-06,after
WO000468,SO00302,SKU0015,F1,161,2025-05-02,after
WO000469,SO00173,SKU0020,F2,122,2025-05-04,after
WO000470,SO00230,SKU0014,F1,155,2025-05-03,after
WO000471,SO00624,SKU0017,F2,58,2025-05-03,after
WO000472,SO00300,SKU0010,F1,173,2025-05-02,after
WO000473,SO00197,SKU0015,F1,75,2025-05-05,after
WO000474,SO00308,SKU0003,F2,130,2025-05-06,after
WO000475,SO00199,SKU0022,F1,85,2025-05-05,after
WO000476,SO00168,SKU0019,F2,170,2025-05-07,after
WO000477,SO00411,SKU0002,F1,199,2025-05-06,after
WO000478,SO00509,SKU0003,F2,159,2025-05-07,after
WO000479,SO00085,SKU0006,F2,31,2025-05-05,after
WO000480,SO00221,SKU0024,F1,176,2025-05-05,after
WO000481,SO00464,SKU0010,F1,157,2025-05-03,after
WO000482,SO00150,SKU0004,F1,365,2025-05-09,after
WO000483,SO00321,SKU0017,F2,118,2025-05-06,after
WO000484,SO00441,SKU0003,F2,84,2025-05-07,after
WO000485,SO00611,SKU0019,F2,69,2025-05-08,after
WO000486,SO00227,SKU0009,F1,112,2025-05-09,after
WO000487,SO00672,SKU0005,F2,116,2025-05-07,after
WO000488,SO00025,SKU0028,F2,49,2025-05-11,after
WO000489,SO00193,SKU0017,F2,85,2025-05-08,after
WO000490,SO00386,SKU0023,F1,192,2025-05-11,after
WO000491,SO00635,SKU0025,F1,82,2025-05-12,after
WO000492,SO00266,SKU0010,F1,124,2025-05-09,after
WO000493,SO00231,SKU0025,F1,188,2025-05-09,after
WO000494,SO00682,SKU0003,F2,174,2025-05-14,after
WO000495,SO00327,SKU0028,F2,163,2025-05-08,after
WO000496,SO00475,SKU0002,F1,56,2025-05-08,after
WO000497,SO00101,SKU0005,F2,105,2025-05-18,after
WO000498,SO00505,SKU0008,F2,52,2025-05-12,after
WO000499,SO00613,SKU0001,F1,136,2025-05-14,after
WO000500,SO00440,SKU0019,F2,67,2025-05-12,after
WO000501,SO00066,SKU0005,F2,101,2025-05-14,after
WO000502,SO00241,SKU0013,F1,164,2025-05-17,after
WO000503,SO00493,SKU0025,F1,258,2025-05-12,after
WO000504,SO00156,SKU0026,F2,163,2025-05-15,after
WO000505,SO00154,SKU0009,F1,140,2025-05-17,after
WO000506,SO00277,SKU0024,F1,60,2025-05-13,after
WO000507,SO00370,SKU0020,F2,53,2025-05-17,after
WO000508,SO00604,SKU0020,F2,199,2025-05-17,after
WO000509,SO00547,SKU0024,F1,89,2025-05-18,after
WO000510,SO00334,SKU0010,F1,112,2025-05-17,after
WO000511,SO00059,SKU0026,F2,138,2025-05-19,after
WO000512,SO00699,SKU0018,F1,160,2025-05-15,after
WO000513,SO00556,SKU0020,F2,54,2025-05-18,after
WO000514,SO00175,SKU0020,F2,119,2025-05-17,after
WO000515,SO00052,SKU0029,F1,242,2025-05-16,after
WO000516,SO00491,SKU0003,F2,44,2025-05-23,after
WO000517,SO00415,SKU0027,F2,165,2025-05-21,after
WO000518,SO00188,SKU0025,F1,157,2025-05-18,after
WO000519,SO00605,SKU0018,F1,55,2025-05-21,after
WO000520,SO00345,SKU0024,F1,296,2025-05-19,after
WO000521,SO00465,SKU0016,F2,46,2025-05-21,after
WO000522,SO00062,SKU0022,F1,54,2025-05-19,after
WO000523,SO00393,SKU0018,F1,72,2025-05-22,after
WO000524,SO00216,SKU0006,F2,114,2025-05-24,after
WO000525,SO00689,SKU0008,F2,63,2025-05-19,after
WO000526,SO00172,SKU0007,F1,222,2025-05-24,after
WO000527,SO00584,SKU0006,F2,69,2025-05-22,after
WO000528,SO00539,SKU0006,F2,195,2025-05-22,after
WO000529,SO00169,SKU0015,F1,251,2025-05-23,after
WO000530,SO00169,SKU0015,F1,246,2025-05-23,after
WO000531,SO00020,SKU0002,F1,122,2025-05-24,after
WO000532,SO00012,SKU0010,F1,200,2025-05-24,after
WO000533,SO00028,SKU0011,F1,139,2025-05-21,after
WO000534,SO00204,SKU0020,F2,88,2025-05-27,after
WO000535,SO00581,SKU0028,F2,245,2025-05-28,after
WO000536,SO00581,SKU0028,F2,233,2025-05-28,after
WO000537,SO00581,SKU0028,F2,237,2025-05-28,after
WO000538,SO00468,SKU0018,F1,153,2025-05-22,after
WO000539,SO00120,SKU0009,F1,198,2025-05-22,after
WO000540,SO00352,SKU0016,F2,83,2025-05-25,after
WO000541,SO00373,SKU0021,F2,107,2025-05-24,after
WO000542,SO00583,SKU0014,F1,97,2025-05-24,after
WO000543,SO00107,SKU0029,F1,201,2025-05-25,after
WO000544,SO00480,SKU0025,F1,74,2025-05-26,after
WO000545,SO00676,SKU0028,F2,84,2025-05-26,after
WO000546,SO00683,SKU0017,F2,116,2025-05-25,after
WO000547,SO00249,SKU0003,F2,129,2025-05-27,after
WO000548,SO00208,SKU0015,F1,60,2025-05-30,after
WO000549,SO00292,SKU0007,F1,82,2025-05-26,after
WO000550,SO00061,SKU0025,F1,138,2025-05-25,after
WO000551,SO00294,SKU0012,F2,117,2025-05-25,after
WO000552,SO00026,SKU0016,F2,147,2025-05-26,after
WO000553,SO00195,SKU0007,F1,100,2025-05-25,after
WO000554,SO00540,SKU0029,F1,50,2025-05-27,after
WO000555,SO00046,SKU0015,F1,291,2025-06-02,after
WO000556,SO00019,SKU0005,F2,43,2025-05-26,after
WO000557,SO00678,SKU0013,F1,92,2025-05-28,after
WO000558,SO00036,SKU0011,F1,128,2025-05-30,after
WO000559,SO00519,SKU0012,F2,76,2025-05-31,after
WO000560,SO00047,SKU0020,F2,30,2025-05-29,after
WO000561,SO00089,SKU0011,F1,63,2025-05-30,after
WO000562,SO00692,SKU0028,F2,199,2025-06-02,after
WO000563,SO00105,SKU0001,F1,49,2025-06-05,after
WO000564,SO00490,SKU0018,F1,163,2025-06-02,after
WO000565,SO00680,SKU0016,F2,140,2025-06-02,after
WO000566,SO00021,SKU0016,F2,70,2025-06-01,after
WO000567,SO00407,SKU0015,F1,191,2025-06-05,after
WO000568,SO00170,SKU0030,F1,55,2025-05-31,after
WO000569,SO00271,SKU0008,F2,29,2025-06-04,after
WO000570,SO00279,SKU0024,F1,399,2025-05-31,after
WO000571,SO00638,SKU0027,F2,141,2025-06-03,after
WO000572,SO00289,SKU0021,F2,205,2025-06-01,after
WO000573,SO00419,SKU0019,F2,156,2025-06-06,after
WO000574,SO00371,SKU0012,F2,214,2025-06-01,after
WO000575,SO00207,SKU0030,F1,85,2025-06-03,after
WO000576,SO00576,SKU0014,F1,90,2025-06-04,after
WO000577,SO00524,SKU0014,F1,95,2025-06-01,after
WO000578,SO00489,SKU0025,F1,145,2025-06-04,after
WO000579,SO00042,SKU0029,F1,56,2025-06-03,after
WO000580,SO00629,SKU0006,F2,93,2025-06-04,after
WO000581,SO00388,SKU0008,F2,51,2025-06-04,after
WO000582,SO00148,SKU0007,F1,130,2025-06-09,after
WO000583,SO00274,SKU0015,F1,92,2025-06-08,after
WO000584,SO00528,SKU0029,F1,61,2025-06-03,after
WO000585,SO00366,SKU0005,F2,119,2025-06-05,after
WO000586,SO00024,SKU0005,F2,55,2025-06-05,after
WO000587,SO00262,SKU0021,F2,89,2025-06-07,after
WO000588,SO00247,SKU0015,F1,67,2025-06-07,after
WO000589,SO00191,SKU0014,F1,49,2025-06-06,after
WO000590,SO00551,SKU0028,F2,41,2025-06-05,after
WO000591,SO00379,SKU0009,F1,36,2025-06-11,after
WO000592,SO00133,SKU0013,F1,100,2025-06-06,after
WO000593,SO00288,SKU0012,F2,99,2025-06-08,after
WO000594,SO00351,SKU0002,F1,172,2025-06-07,after
WO000595,SO00439,SKU0021,F2,62,2025-06-07,after
WO000596,SO00424,SKU0013,F1,67,2025-06-08,after
WO000597,SO00502,SKU0003,F2,137,2025-06-09,after
WO000598,SO00573,SKU0016,F2,86,2025-06-10,after
WO000599,SO00431,SKU0020,F2,68,2025-06-09,after
WO000600,SO00190,SKU0027,F2,56,2025-06-11,after
WO000601,SO00355,SKU0019,F2,22,2025-06-10,after
WO000602,SO00051,SKU0008,F2,42,2025-06-09,after
WO000603,SO00035,SKU0023,F1,106,2025-06-11,after
WO000604,SO00008,SKU0022,F1,148,2025-06-12,after
WO000605,SO00229,SKU0025,F1,68,2025-06-09,after
WO000606,SO00080,SKU0006,F2,41,2025-06-07,after
WO000607,SO00674,SKU0003,F2,64,2025-06-11,after
WO000608,SO00673,SKU0001,F1,20,2025-06-13,after
WO000609,SO00200,SKU0013,F1,227,2025-06-13,after
WO000610,SO00403,SKU0030,F1,69,2025-06-12,after
WO000611,SO00349,SKU0025,F1,114,2025-06-12,after
WO000612,SO00242,SKU0017,F2,50,2025-06-09,after
WO000613,SO00389,SKU0030,F1,117,2025-06-10,after
WO000614,SO00359,SKU0029,F1,123,2025-06-11,after
WO000615,SO00162,SKU0021,F2,30,2025-06-10,after
WO000616,SO00348,SKU0022,F1,124,2025-06-10,after
WO000617,SO00159,SKU0016,F2,85,2025-06-10,after
WO000618,SO00171,SKU0027,F2,47,2025-06-13,after
WO000619,SO00157,SKU0020,F2,125,2025-06-12,after
WO000620,SO00145,SKU0023,F1,111,2025-06-10,after
WO000621,SO00299,SKU0029,F1,106,2025-06-11,after
WO000622,SO00508,SKU0003,F2,139,2025-06-11,after
WO000623,SO00418,SKU0020,F2,166,2025-06-17,after
WO000624,SO00686,SKU0016,F2,173,2025-06-13,after
WO000625,SO00615,SKU0022,F1,55,2025-06-16,after
WO000626,SO00654,SKU0003,F2,78,2025-06-13,after
WO000627,SO00269,SKU0017,F2,103,2025-06-14,after
WO000628,SO00628,SKU0011,F1,89,2025-06-10,after
WO000629,SO00324,SKU0029,F1,186,2025-06-15,after
WO000630,SO00544,SKU0005,F2,137,2025-06-16,after
WO000631,SO00549,SKU0027,F2,85,2025-06-15,after
WO000632,SO00633,SKU0002,F1,83,2025-06-18,after
WO000633,SO00563,SKU0026,F2,55,2025-06-15,after
WO000634,SO00476,SKU0020,F2,86,2025-06-17,after
WO000635,SO00510,SKU0022,F1,44,2025-06-15,after
WO000636,SO00535,SKU0001,F1,87,2025-06-18,after
WO000637,SO00255,SKU0011,F1,93,2025-06-18,after
WO000638,SO00410,SKU0007,F1,25,2025-06-17,after
WO000639,SO00553,SKU0013,F1,85,2025-06-15,after
WO000640,SO00185,SKU0030,F1,103,2025-06-14,after
WO000641,SO00414,SKU0005,F2,143,2025-06-16,after
WO000642,SO00433,SKU0017,F2,77,2025-06-17,after
WO000643,SO00281,SKU0011,F1,48,2025-06-18,after
WO000644,SO00426,SKU0027,F2,55,2025-06-15,after
WO000645,SO00603,SKU0030,F1,57,2025-06-17,after
WO000646,SO00115,SKU0029,F1,114,2025-06-21,after
WO000647,SO00070,SKU0010,F1,139,2025-06-17,after
WO000648,SO00038,SKU0028,F2,155,2025-06-15,after
WO000649,SO00574,SKU0018,F1,120,2025-06-17,after
WO000650,SO00044,SKU0016,F2,48,2025-06-16,after
WO000651,SO00217,SKU0025,F1,103,2025-06-22,after
WO000652,SO00009,SKU0017,F2,141,2025-06-19,after
WO000653,SO00297,SKU0021,F2,182,2025-06-20,after
WO000654,SO00297,SKU0021,F2,199,2025-06-20,after
WO000655,SO00297,SKU0021,F2,186,2025-06-20,after
WO000656,SO00616,SKU0011,F1,104,2025-06-19,after
WO000657,SO00474,SKU0014,F1,75,2025-06-21,after
WO000658,SO00029,SKU0025,F1,70,2025-06-21,after
WO000659,SO00100,SKU0018,F1,90,2025-06-21,after
WO000660,SO00494,SKU0016,F2,55,2025-06-23,after
WO000661,SO00053,SKU0001,F1,67,2025-06-21,after
WO000662,SO00451,SKU0019,F2,155,2025-06-25,after
WO000663,SO00449,SKU0020,F2,86,2025-06-25,after
WO000664,SO00177,SKU0016,F2,29,2025-06-26,after
WO000665,SO00260,SKU0006,F2,47,2025-06-25,after
WO000666,SO00664,SKU0023,F1,34,2025-06-24,after
WO000667,SO00079,SKU0005,F2,103,2025-06-22,after
WO000668,SO00315,SKU0012,F2,38,2025-06-25,after
WO000669,SO00650,SKU0015,F1,77,2025-06-26,after
WO000670,SO00649,SKU0014,F1,155,2025-06-24,after
WO000671,SO00087,SKU0013,F1,209,2025-06-30,after
WO000672,SO00626,SKU0007,F1,242,2025-06-23,after
WO000673,SO00598,SKU0012,F2,29,2025-06-25,after
WO000674,SO00593,SKU0022,F1,207,2025-06-24,after
WO000675,SO00658,SKU0029,F1,119,2025-06-27,after
WO000676,SO00446,SKU0022,F1,29,2025-06-27,after
WO000677,SO00564,SKU0002,F1,62,2025-06-23,after
WO000678,SO00238,SKU0025,F1,73,2025-06-26,after
WO000679,SO00016,SKU0013,F1,66,2025-06-27,after
WO000680,SO00644,SKU0005,F2,98,2025-06-27,after
WO000681,SO00245,SKU0014,F1,119,2025-06-26,after
WO000682,SO00375,SKU0028,F2,127,2025-06-27,after
WO000683,SO00001,SKU0017,F2,155,2025-06-29,after
WO000684,SO00067,SKU0019,F2,193,2025-07-01,after
WO000685,SO00463,SKU0017,F2,146,2025-06-28,after
WO000686,SO00543,SKU0009,F1,51,2025-06-29,after
WO000687,SO00031,SKU0015,F1,92,2025-06-26,after
WO000688,SO00577,SKU0014,F1,153,2025-06-28,after
WO000689,SO00577,SKU0014,F1,153,2025-06-28,after
WO000690,SO00572,SKU0009,F1,48,2025-06-30,after
WO000691,SO00550,SKU0004,F1,67,2025-06-26,after
WO000692,SO00293,SKU0018,F1,55,2025-06-28,after
WO000693,SO00077,SKU0027,F2,144,2025-06-29,after
WO000694,SO00270,SKU0014,F1,52,2025-06-30,after
WO000695,SO00591,SKU0022,F1,107,2025-07-04,after
WO000696,SO00235,SKU0005,F2,102,2025-06-30,after
WO000697,SO00257,SKU0018,F1,44,2025-06-30,after
WO000698,SO00318,SKU0025,F1,82,2025-06-29,after
WO000699,SO00408,SKU0026,F2,81,2025-06-29,after
WO000700,SO00201,SKU0015,F1,170,2025-07-03,after
WO000701,SO00155,SKU0024,F1,66,2025-07-04,after
WO000702,SO00687,SKU0016,F2,20,2025-07-04,after
WO000703,SO00557,SKU0018,F1,75,2025-07-01,after
WO000704,SO00286,SKU0004,F1,40,2025-06-28,after
WO000705,SO00442,SKU0001,F1,30,2025-06-30,after
WO000706,SO00647,SKU0007,F1,98,2025-06-29,after
WO000707,SO00608,SKU0022,F1,127,2025-07-02,after
WO000708,SO00243,SKU0004,F1,74,2025-07-06,after
WO000709,SO00522,SKU0027,F2,93,2025-06-30,after
WO000710,SO00320,SKU0021,F2,83,2025-07-03,after
WO000711,SO00675,SKU0017,F2,85,2025-07-01,after
WO000712,SO00655,SKU0018,F1,165,2025-07-01,after
